Patient ID	Sample ID	Mutation Count	Fraction Genome Altered	Diagnosis Age	MSI MANTIS Score	MSIsensor Score	Overall Survival Status	Sex	Ethnicity Category	Race Category	Subtype	Tumor Type	American Joint Committee on Cancer Metastasis Stage Code	American Joint Committee on Cancer Publication Version Type	American Joint Committee on Cancer Tumor Stage Code	Aneuploidy Score	Birth from Initial Pathologic Diagnosis Date
TCGA-05-4244	TCGA-05-4244-01	192	0.4565	70	0.2886	0.03	0:LIVING	Male			LUAD	Lung Adenocarcinoma (NOS)	M1	6TH	T2	17	-25752
TCGA-05-4249	TCGA-05-4249-01	300	0.2221	67	0.2807	0.07	0:LIVING	Male			LUAD	Lung Adenocarcinoma (NOS)	M0	6TH	T2	24	-24532
TCGA-05-4250	TCGA-05-4250-01	312	0.2362	79	0.3059	0.28	1:DECEASED	Female			LUAD	Lung Adenocarcinoma (NOS)	M0	6TH	T3	17	-29068
TCGA-05-4382	TCGA-05-4382-01	1547	0.0854	68	0.3193	0.05	0:LIVING	Male			LUAD	Lung Adenocarcinoma, Mixed Subtype	M0	6TH	T2	22	-24868
TCGA-05-4384	TCGA-05-4384-01	117	0.0661	66	0.285	0	0:LIVING	Male			LUAD	Lung Adenocarcinoma, Mixed Subtype	M0	6TH	T2	1	-24411
TCGA-05-4389	TCGA-05-4389-01	211	0.4579	70	0.2907	0.05	0:LIVING	Male			LUAD	Lung Adenocarcinoma, Mixed Subtype	M0	5TH	T1	20	-25660
TCGA-05-4390	TCGA-05-4390-01	517	0.3056	58	0.2876	0.01	0:LIVING	Female			LUAD	Lung Adenocarcinoma, Mixed Subtype	M0	5TH	T2	21	-21430
TCGA-05-4395	TCGA-05-4395-01	231	0.5598	76	0.2956	0.35	1:DECEASED	Male			LUAD	Lung Adenocarcinoma, Mixed Subtype	M0	5TH	T4	25	-27971
TCGA-05-4396	TCGA-05-4396-01	1287	0.2340	76	0.2819	0.21	1:DECEASED	Male			LUAD	Lung Adenocarcinoma, Mixed Subtype	M0	5TH	T4	11	-28094
TCGA-05-4397	TCGA-05-4397-01	749	0.2784	65	0.2886	0.18	1:DECEASED	Male			LUAD	Lung Adenocarcinoma, Mixed Subtype	M0	5TH	T2	7	-23833
TCGA-05-4398	TCGA-05-4398-01	665	0.3046	47	0.3117	0.11	0:LIVING	Female			LUAD	Lung Adenocarcinoma, Mixed Subtype	M0	5TH	T4	23	-17471
TCGA-05-4402	TCGA-05-4402-01	122	0.2949	57	0.2803	0.01	1:DECEASED	Female			LUAD	Lung Adenocarcinoma, Mixed Subtype	M1	6TH	T2	31	-20819
TCGA-05-4403	TCGA-05-4403-01	125	0.0272	76	0.2921	0.02	0:LIVING	Male			LUAD	Lung Adenocarcinoma, Mixed Subtype	M0	5TH	T2	1	-27881
TCGA-05-4405	TCGA-05-4405-01	362	0.3903	74	0.3071	0.02	0:LIVING	Female			LUAD	Lung Adenocarcinoma, Mixed Subtype	M0	5TH	T2	24	-27241
TCGA-05-4410	TCGA-05-4410-01	1014	0.3183	62	0.3034	0	0:LIVING	Male			LUAD	Lung Adenocarcinoma, Mixed Subtype	M0	6TH	T2	18	-22888
TCGA-05-4415	TCGA-05-4415-01	187	0.1563	57	0.3033	0	1:DECEASED	Male			LUAD	Lung Adenocarcinoma, Mixed Subtype	M0	6TH	T4	20	-20880
TCGA-05-4417	TCGA-05-4417-01	284	0.2699	51	0.3033	0	0:LIVING	Female			LUAD	Lung Adenocarcinoma, Mixed Subtype	M0	6TH	T2	19	-18780
TCGA-05-4418	TCGA-05-4418-01	245	0.1433	69	0.2744	0.01	1:DECEASED	Male			LUAD	Lung Adenocarcinoma, Mixed Subtype	M0	6TH	T3	6	-25417
TCGA-05-4420	TCGA-05-4420-01	255	0.4499	41	0.291	0.09	0:LIVING	Male			LUAD	Lung Adenocarcinoma, Mixed Subtype	M0	6TH	T2	22	-15159
TCGA-05-4422	TCGA-05-4422-01	39	0.2305	68	0.2843	0.02	0:LIVING	Male			LUAD	Lung Adenocarcinoma, Mixed Subtype	M0	6TH	T2	7	-24837
TCGA-05-4424	TCGA-05-4424-01	673	0.2161	70	0.3012	0	0:LIVING	Male			LUAD	Lung Adenocarcinoma, Mixed Subtype	M0	6TH	T3	19	-25689
TCGA-05-4425	TCGA-05-4425-01	40	0.2352	70	0.3179	0.01	0:LIVING	Female			LUAD	Lung Adenocarcinoma, Mixed Subtype	M1	6TH	T2	10	-25902
TCGA-05-4426	TCGA-05-4426-01	43	0.1445	71	0.2836	0.05	0:LIVING	Male			LUAD	Lung Adenocarcinoma, Mixed Subtype	M0	6TH	T2	4	-26084
TCGA-05-4427	TCGA-05-4427-01	952	0.3950	65	0.3043	0.09	0:LIVING	Female			LUAD	Lung Adenocarcinoma, Mixed Subtype	M0	6TH	T2	20	-23893
TCGA-05-4430	TCGA-05-4430-01	261	0.0992	59	0.2825	0	0:LIVING	Female			LUAD	Lung Adenocarcinoma, Mixed Subtype	M0	6TH	T2	20	-21884
TCGA-05-4432	TCGA-05-4432-01	535	0.4286	66	0.2759	0	0:LIVING	Male			LUAD	Lung Adenocarcinoma, Mixed Subtype	M0	6TH	T2	21	-24350
TCGA-05-4433	TCGA-05-4433-01	32	0.1589	82	0.3053	0	0:LIVING	Male			LUAD	Lung Adenocarcinoma, Mixed Subtype	M0	6TH	T2	6	-30194
TCGA-05-4434	TCGA-05-4434-01	44	0.1237	67	0.2715	0	1:DECEASED	Female			LUAD	Lung Adenocarcinoma, Mixed Subtype	M1	6TH	T4	2	-24472
TCGA-05-5423	TCGA-05-5423-01	140	0.3749	65	0.3204	0.04	0:LIVING	Male			LUAD	Lung Adenocarcinoma, Mixed Subtype	M0	6TH	T2	15	-23863
TCGA-05-5425	TCGA-05-5425-01	536	0.2551	68	0.3001	0	0:LIVING	Male			LUAD	Lung Adenocarcinoma, Mixed Subtype	M0	7TH	T2B	2	-25020
TCGA-05-5428	TCGA-05-5428-01	351	0.5655	57	0.298	0.02	0:LIVING	Male			LUAD	Lung Adenocarcinoma, Mixed Subtype	M0	7TH	T1B	20	-21061
TCGA-05-5429	TCGA-05-5429-01	34	0.2466	60	0.3031	0.06	1:DECEASED	Male			LUAD	Lung Adenocarcinoma (NOS)	M0	7TH	T3	8	-22066
TCGA-05-5715	TCGA-05-5715-01	105	0.3200	69	0.3207	0	0:LIVING	Female			LUAD	Lung Adenocarcinoma, Mixed Subtype	M0	7TH	T2A	10	-25383
TCGA-35-3615	TCGA-35-3615-01	103	0.1795	57	0.2804	0.06	0:LIVING	Male	Not Hispanic Or Latino	White	LUAD	Lung Adenocarcinoma (NOS)	M0		T2	5	-21076
TCGA-35-4122	TCGA-35-4122-01	293	0.0597	69	0.2776	0	0:LIVING	Male	Not Hispanic Or Latino	White	LUAD	Lung Adenocarcinoma (NOS)	M0	7TH	T1	23	-25491
TCGA-35-4123	TCGA-35-4123-01	245	0.3119	38	0.2877	0.01	0:LIVING	Male	Not Hispanic Or Latino	White	LUAD	Lung Adenocarcinoma (NOS)	M0	7TH	T1	14	-14064
TCGA-35-5375	TCGA-35-5375-01	387	0.5996	61	0.3281	0.08	0:LIVING	Male	Not Hispanic Or Latino	White	LUAD	Lung Adenocarcinoma (NOS)	M0		T2	26	-22628
TCGA-38-4625	TCGA-38-4625-01	540	0.5261	66	0.2801	0.07	0:LIVING	Female	Not Hispanic Or Latino	White	LUAD	Lung Adenocarcinoma (NOS)	M0	5TH	T2A	16	-24241
TCGA-38-4626	TCGA-38-4626-01	238	0.0190	57	0.2787	0	0:LIVING	Female	Not Hispanic Or Latino	White	LUAD	Lung Adenocarcinoma (NOS)	M0	6TH	T2B	2	-20903
TCGA-38-4627	TCGA-38-4627-01	29	0.0002	64	0.2806	0	1:DECEASED	Female	Not Hispanic Or Latino	White	LUAD	Lung Adenocarcinoma (NOS)	M0		T1B	9	-23510
TCGA-38-4628	TCGA-38-4628-01	112	0.4864	65	0.3118	0.49	1:DECEASED	Female	Not Hispanic Or Latino	White	LUAD	Lung Adenocarcinoma (NOS)	M0	5TH	T2	24	-24057
TCGA-38-4631	TCGA-38-4631-01	689	0.4032	72	0.3091	0.06	1:DECEASED	Female	Not Hispanic Or Latino	White	LUAD	Lung Adenocarcinoma (NOS)	M0		T2	20	-26538
TCGA-38-4632	TCGA-38-4632-01	497	0.4325	42	0.2967	0.06	1:DECEASED	Male	Not Hispanic Or Latino	Black or African American	LUAD	Lung Adenocarcinoma (NOS)	M1	5TH	T2	23	-15418
TCGA-38-6178	TCGA-38-6178-01	65	0.3904	70	0.2925	0.02	0:LIVING	Female	Not Hispanic Or Latino	White	LUAD	Lung Adenocarcinoma (NOS)			T2B	22	-25593
TCGA-38-7271	TCGA-38-7271-01	87	0.0439	72	0.3598	0.34	1:DECEASED	Female	Not Hispanic Or Latino	White	LUAD	Lung Adenocarcinoma (NOS)	M0	6TH	T1	2	-26440
TCGA-38-A44F	TCGA-38-A44F-01	11	0.0000	80	0.3275	0	0:LIVING	Male	Not Hispanic Or Latino	White	LUAD	Lung Adenocarcinoma, Mixed Subtype	M0	7TH	T2A	1	-29534
TCGA-44-2655	TCGA-44-2655-01	164	0.0648	65	0.2747	0	0:LIVING	Female	Not Hispanic Or Latino	White	LUAD	Lung Adenocarcinoma (NOS)	M0	6TH	T1	4	-23854
TCGA-44-2656	TCGA-44-2656-01	765		59	0.2996	0.01	0:LIVING	Male	Not Hispanic Or Latino	White	LUAD	Lung Adenocarcinoma (NOS)	M0	6TH	T2	19	-21766
TCGA-44-2657	TCGA-44-2657-01	366	0.0447	74	0.2817	0.01	0:LIVING	Female	Not Hispanic Or Latino	White	LUAD	Lung Adenocarcinoma (NOS)	M0	6TH	T2	10	-27298
TCGA-44-2659	TCGA-44-2659-01	395	0.2823	65	0.2806	0.2	0:LIVING	Female	Not Hispanic Or Latino	White	LUAD	Lung Adenocarcinoma (NOS)	M0	6TH	T1	25	-23808
TCGA-44-2662	TCGA-44-2662-01	189		65	0.2713	0	0:LIVING	Male	Not Hispanic Or Latino	White	LUAD	Lung Adenocarcinoma (NOS)	M0	6TH	T2	24	-24014
TCGA-44-2665	TCGA-44-2665-01	43		55	0.3006	0.18	0:LIVING	Female	Not Hispanic Or Latino	White	LUAD	Lung Adenocarcinoma (NOS)	M0	6TH	T2	7	-20349
TCGA-44-2666	TCGA-44-2666-01	37		43	0.3003	0.07	1:DECEASED	Male	Hispanic Or Latino	White	LUAD	Lung Adenocarcinoma (NOS)	M0	6TH	T2	2	-15970
TCGA-44-2668	TCGA-44-2668-01	318		51	0.2747	0.02	1:DECEASED	Male	Not Hispanic Or Latino	White	LUAD	Lung Adenocarcinoma (NOS)	M0	6TH	T2	11	-18856
TCGA-44-3396	TCGA-44-3396-01	184	0.0548	74	0.3466	0.05	0:LIVING	Female	Not Hispanic Or Latino	White	LUAD	Lung Adenocarcinoma (NOS)	M0	7TH	T2	6	-27073
TCGA-44-3398	TCGA-44-3398-01	173	0.0012	77	0.281	0	0:LIVING	Female	Not Hispanic Or Latino	White	LUAD	Lung Adenocarcinoma (NOS)	M0	6TH	T1B	2	-28392
TCGA-44-3917	TCGA-44-3917-01	199		33	0.3142	0.09	0:LIVING	Female	Not Hispanic Or Latino	White		Lung Adenocarcinoma (NOS)	M0	6TH	T2	19	-12179
TCGA-44-3918	TCGA-44-3918-01	881		60	0.3106	0	0:LIVING	Female	Not Hispanic Or Latino	White	LUAD	Lung Adenocarcinoma (NOS)	M0	6TH	T1	12	-22236
TCGA-44-3919	TCGA-44-3919-01	51	0.1658	71	0.2725	0.01	1:DECEASED	Female	Not Hispanic Or Latino	White	LUAD	Lung Adenocarcinoma (NOS)	M0	7TH	T1	6	-26081
TCGA-44-4112	TCGA-44-4112-01	434		60	0.2866	0.1	1:DECEASED	Female	Not Hispanic Or Latino	White	LUAD	Lung Adenocarcinoma (NOS)	M0	6TH	T2A	6	-22106
TCGA-44-5643	TCGA-44-5643-01	114	0.5689	53	0.321	0.08	0:LIVING	Male	Not Hispanic Or Latino	Black or African American	LUAD	Lung Adenocarcinoma (NOS)	M0	7TH	T2B	19	-19426
TCGA-44-5644	TCGA-44-5644-01	907	0.6632	51	0.3216	0.45	0:LIVING	Female	Not Hispanic Or Latino	White	LUAD	Lung Adenocarcinoma (NOS)		7TH	T2A	16	-18644
TCGA-44-5645	TCGA-44-5645-01	36		61	0.3481	0	0:LIVING	Female	Not Hispanic Or Latino	Black or African American	LUAD	Lung Adenocarcinoma (NOS)		7TH	T1	10	-22471
TCGA-44-6144	TCGA-44-6144-01	196	0.3806	58	0.2976	0	0:LIVING	Male	Not Hispanic Or Latino	White		Lung Adenocarcinoma (NOS)	M0	7TH	T1A	8	-21283
TCGA-44-6145	TCGA-44-6145-01	299	0.0270	62	0.3023	0	0:LIVING	Female	Not Hispanic Or Latino	White	LUAD	Lung Adenocarcinoma (NOS)	M0	7TH	T1	16	-22745
TCGA-44-6146	TCGA-44-6146-01	38		64	0.3286	0.01	0:LIVING	Male	Not Hispanic Or Latino	White	LUAD	Lung Mucinous Adenocarcinoma	M0	7TH	T3	5	-23378
TCGA-44-6148	TCGA-44-6148-01	7	0.0276	60	0.2964	0	0:LIVING	Male	Not Hispanic Or Latino	White	LUAD	Lung Mucinous Adenocarcinoma	M0	7TH	T1B	2	-22138
TCGA-44-6774	TCGA-44-6774-01	276	0.2030	56	0.2954	0.01	0:LIVING	Female	Not Hispanic Or Latino	White	LUAD	Lung Adenocarcinoma (NOS)	M0	7TH	T1	4	-20462
TCGA-44-6775	TCGA-44-6775-01	60		72	0.3101	0	0:LIVING	Female	Hispanic Or Latino	White	LUAD	Lung Adenocarcinoma (NOS)	MX	7TH	T2A	26	-26415
TCGA-44-6776	TCGA-44-6776-01	187	0.1665	60	0.3029	0	0:LIVING	Female		White	LUAD	Lung Adenocarcinoma (NOS)	MX	6TH	T1	4	-22150
TCGA-44-6777	TCGA-44-6777-01	351	0.1046	85	0.3033	0	1:DECEASED	Female		White	LUAD	Lung Adenocarcinoma (NOS)	MX	6TH	T2	19	-31234
TCGA-44-6778	TCGA-44-6778-01	358	0.3992	59	0.3067	0	0:LIVING	Male		Black or African American	LUAD	Lung Adenocarcinoma (NOS)	MX	6TH	T1	25	-21725
TCGA-44-6779	TCGA-44-6779-01	91	0.5993	50	0.2979	0	1:DECEASED	Female		White	LUAD	Lung Adenocarcinoma (NOS)	MX	6TH	T2	17	-18469
TCGA-44-7659	TCGA-44-7659-01	139	0.1598	70	0.3019	0	0:LIVING	Male	Not Hispanic Or Latino	White	LUAD	Lung Adenocarcinoma (NOS)	MX	7TH	T1B	4	-25730
TCGA-44-7660	TCGA-44-7660-01	336	0.6653	72	0.3098	0.05	0:LIVING	Male	Not Hispanic Or Latino	White	LUAD	Lung Adenocarcinoma (NOS)	MX	7TH	T2	25	-26594
TCGA-44-7661	TCGA-44-7661-01	276	0.0147	69	0.3087	0	1:DECEASED	Female	Not Hispanic Or Latino	White	LUAD	Lung Adenocarcinoma (NOS)	M0	7TH	T2A	5	-25483
TCGA-44-7662	TCGA-44-7662-01	541	0.2739	61	0.3017	0.01	0:LIVING	Male	Not Hispanic Or Latino	White	LUAD	Lung Adenocarcinoma (NOS)	MX	7TH	T2A	25	-22543
TCGA-44-7667	TCGA-44-7667-01	428	0.3866	49	0.3057	0.01	0:LIVING	Female	Not Hispanic Or Latino	White	LUAD	Lung Adenocarcinoma (NOS)	MX	6TH	T3	23	-18062
TCGA-44-7669	TCGA-44-7669-01	422	0.4144	59	0.3312	0.07	1:DECEASED	Male	Not Hispanic Or Latino	Black or African American	LUAD	Lung Adenocarcinoma (NOS)	MX	7TH	T1B	22	-21893
TCGA-44-7670	TCGA-44-7670-01	1014	0.6345	47	0.3216	0.11	0:LIVING	Female	Hispanic Or Latino	White	LUAD	Lung Adenocarcinoma (NOS)	M0	7TH	T1B	27	-17392
TCGA-44-7671	TCGA-44-7671-01	200	0.3154	64	0.3047	0.08	0:LIVING	Male	Not Hispanic Or Latino	Black or African American	LUAD	Lung Adenocarcinoma, Mixed Subtype	M0	7TH	T2A	16	-23538
TCGA-44-7672	TCGA-44-7672-01	156	0.0681	52	0.3068	0.03	0:LIVING	Female	Not Hispanic Or Latino	White	LUAD	Lung Adenocarcinoma (NOS)	M0	7TH	T1B	22	-19200
TCGA-44-8117	TCGA-44-8117-01	678	0.6349	54	0.3512	0.06	0:LIVING	Female	Not Hispanic Or Latino	White	LUAD	Lung Adenocarcinoma (NOS)	M0	7TH	T2A	20	-19855
TCGA-44-8119	TCGA-44-8119-01	579	0.4008	73	0.3525	0.2	0:LIVING	Male	Not Hispanic Or Latino	White	LUAD	Lung Adenocarcinoma (NOS)	M0	7TH	T3	25	-27003
TCGA-44-8120	TCGA-44-8120-01	543	0.3716	58	0.3347	0.07	0:LIVING	Male	Not Hispanic Or Latino	Black or African American	LUAD	Lung Adenocarcinoma (NOS)	M0	7TH	T2A	13	-21188
TCGA-44-A479	TCGA-44-A479-01	279	0.0803	73	0.3191	0	0:LIVING	Female	Not Hispanic Or Latino	Black or African American	LUAD	Lung Adenocarcinoma (NOS)	MX	7TH	T2	8	-27024
TCGA-44-A47A	TCGA-44-A47A-01	210	0.1272	78	0.3226	0	0:LIVING	Female	Not Hispanic Or Latino	White	LUAD	Lung Adenocarcinoma (NOS)	MX	7TH	T2A	23	-28782
TCGA-44-A47B	TCGA-44-A47B-01	39	0.3063	79	0.3287	0.13	0:LIVING	Male	Not Hispanic Or Latino	White	LUAD	Lung Adenocarcinoma (NOS)	M0	7TH	T2A	18	-28869
TCGA-44-A47F	TCGA-44-A47F-01	78	0.3026	74	0.3397	0	0:LIVING	Male	Not Hispanic Or Latino	White		Lung Adenocarcinoma (NOS)	M0	7TH	T2B	27	-27122
TCGA-44-A47G	TCGA-44-A47G-01	78	0.0003	73	0.3181	0	0:LIVING	Female	Not Hispanic Or Latino	White	LUAD	Lung Adenocarcinoma (NOS)	M0	7TH	T1	3	-26800
TCGA-44-A4SS	TCGA-44-A4SS-01	443	0.0109	73	0.3039	0.01	0:LIVING	Male	Not Hispanic Or Latino	White	LUAD	Lung Adenocarcinoma (NOS)	M0	7TH	T1B	16	-26991
TCGA-44-A4SU	TCGA-44-A4SU-01	133	0.3113	67	0.3233	0.01	1:DECEASED	Female	Not Hispanic Or Latino	White	LUAD	Lung Adenocarcinoma (NOS)	MX	7TH	T1A	12	-24820
TCGA-49-4486	TCGA-49-4486-01	142	0.1116	72	0.278	0.01	1:DECEASED	Male	Not Hispanic Or Latino	White	LUAD	Lung Adenocarcinoma (NOS)	M0	3RD	T1	2	-26415
TCGA-49-4487	TCGA-49-4487-01	345	0.1177	72	0.295	0	1:DECEASED	Female	Not Hispanic Or Latino	White	LUAD	Lung Adenocarcinoma (NOS)	M0	3RD	T1	27	-26583
TCGA-49-4488	TCGA-49-4488-01	271	0.4138	74	0.2967	0.13	1:DECEASED	Female	Not Hispanic Or Latino	White	LUAD	Lung Adenocarcinoma (NOS)	MX	3RD	T1	25	-27332
TCGA-49-4490	TCGA-49-4490-01	48	0.2916	45	0.3009	0.01	1:DECEASED	Female	Not Hispanic Or Latino	White	LUAD	Lung Adenocarcinoma (NOS)	M0	4TH	T3	29	-16634
TCGA-49-4494	TCGA-49-4494-01	171	0.1473	77	0.2794	0.02	1:DECEASED	Male	Not Hispanic Or Latino	White	LUAD	Lung Adenocarcinoma (NOS)	M0	4TH	T3	3	-28387
TCGA-49-4501	TCGA-49-4501-01	47	0.3168	67	0.2866	0.04	1:DECEASED	Female	Not Hispanic Or Latino	White	LUAD	Lung Adenocarcinoma (NOS)	M0		T2	19	-24817
TCGA-49-4505	TCGA-49-4505-01	188	0.4730	61	0.3359	0.1	1:DECEASED	Female	Not Hispanic Or Latino	White	LUAD	Lung Adenocarcinoma (NOS)	M0	4TH	T2	21	-22628
TCGA-49-4506	TCGA-49-4506-01	117	0.0386	68	0.2991	0	1:DECEASED	Female	Not Hispanic Or Latino	White	LUAD	Lung Adenocarcinoma (NOS)	M0	4TH	T2	20	-25132
TCGA-49-4507	TCGA-49-4507-01	184	0.2054	73	0.2769	0.02	1:DECEASED	Female	Not Hispanic Or Latino	White	LUAD	Lung Adenocarcinoma (NOS)	M0		T3	12	-26851
TCGA-49-4510	TCGA-49-4510-01	56	0.4297	51	0.2923	0.32	1:DECEASED	Female	Not Hispanic Or Latino	Black or African American	LUAD	Lung Adenocarcinoma (NOS)	M0	5TH	T2	23	-18762
TCGA-49-4512	TCGA-49-4512-01	41	0.3116	69	0.307	0.01	1:DECEASED	Female	Not Hispanic Or Latino	White	LUAD	Lung Adenocarcinoma (NOS)	MX	6TH	T2	31	-25502
TCGA-49-4514	TCGA-49-4514-01	293	0.2725	79	0.3006	0	0:LIVING	Female		White	LUAD	Lung Papillary Adenocarcinoma	M0	6TH	T1	8	-28908
TCGA-49-6742	TCGA-49-6742-01	237	0.1343	70	0.3036	0.05	1:DECEASED	Male	Not Hispanic Or Latino	White	LUAD	Mucinous (Colloid) Carcinoma	M0	7TH	T2A	19	-25839
TCGA-49-6743	TCGA-49-6743-01	690	0.1102	81	0.2849	0	0:LIVING	Female		White	LUAD	Lung Clear Cell Adenocarcinoma	MX	7TH	T1	23	-29807
TCGA-49-6744	TCGA-49-6744-01	222	0.0901	64	0.2967	0	0:LIVING	Female		White	LUAD	Lung Adenocarcinoma, Mixed Subtype	MX	7TH	T2A	5	-23484
TCGA-49-6745	TCGA-49-6745-01	128	0.0919	82	0.3083	0	0:LIVING	Male		White	LUAD	Lung Adenocarcinoma (NOS)	M0	7TH	T2A	10	-30133
TCGA-49-6761	TCGA-49-6761-01	281	0.1291	68	0.2932	0.01	0:LIVING	Female	Not Hispanic Or Latino	White	LUAD	Lung Adenocarcinoma (NOS)	MX	6TH	T1	16	-24849
TCGA-49-6767	TCGA-49-6767-01	423	0.3350	46	0.3133	0	0:LIVING	Female		White	LUAD	Lung Adenocarcinoma (NOS)	MX	7TH	T3	23	-17108
TCGA-49-AAQV	TCGA-49-AAQV-01	67	0.1747	63	0.3294	0	1:DECEASED	Female	Not Hispanic Or Latino	Black or African American	LUAD	Lung Adenocarcinoma, Mixed Subtype	MX	7TH	T1	10	-23370
TCGA-49-AAR0	TCGA-49-AAR0-01	121	0.1428	57	0.3252	0	0:LIVING	Male	Not Hispanic Or Latino	Black or African American	LUAD	Lung Adenocarcinoma (NOS)	MX	5TH	T1	15	-20932
TCGA-49-AAR2	TCGA-49-AAR2-01	364	0.2466	64	0.3355	0	0:LIVING	Male	Not Hispanic Or Latino	Black or African American	LUAD	Lung Acinar Adenocarcinoma	MX	6TH	T2	9	-23479
TCGA-49-AAR3	TCGA-49-AAR3-01	127	0.0086	69	0.3164	0	0:LIVING	Male	Not Hispanic Or Latino	Black or African American	LUAD	Lung Adenocarcinoma (NOS)	MX	6TH	T2	10	-25469
TCGA-49-AAR4	TCGA-49-AAR4-01	534	0.0166	51	0.3241	0	1:DECEASED	Male	Not Hispanic Or Latino	Black or African American	LUAD	Lung Adenocarcinoma (NOS)	MX	6TH	T2	8	-18939
TCGA-49-AAR9	TCGA-49-AAR9-01	564	0.4853	61	0.3436	0.37	1:DECEASED	Male	Not Hispanic Or Latino	Black or African American	LUAD	Lung Adenocarcinoma (NOS)	MX	5TH	T3	11	-22510
TCGA-49-AARE	TCGA-49-AARE-01	1194	0.2988	51	0.3338	0.03	1:DECEASED	Female	Not Hispanic Or Latino	Black or African American	LUAD	Lung Adenocarcinoma (NOS)	MX	5TH	T1	19	-18893
TCGA-49-AARN	TCGA-49-AARN-01	690	0.1842	56	0.3164	0	1:DECEASED	Female	Not Hispanic Or Latino	Black or African American	LUAD	Lung Adenocarcinoma (NOS)	MX	5TH	T1	7	-20605
TCGA-49-AARO	TCGA-49-AARO-01	541	0.1686	39	0.3115	0.02	0:LIVING	Female	Not Hispanic Or Latino	Black or African American	LUAD	Lung Papillary Adenocarcinoma	MX	6TH	T1A	21	-14527
TCGA-49-AARQ	TCGA-49-AARQ-01	639	0.3585	41	0.3256	0.09	0:LIVING	Female	Not Hispanic Or Latino	Black or African American	LUAD	Lung Adenocarcinoma (NOS)	MX	4TH	T2	17	-15065
TCGA-49-AARR	TCGA-49-AARR-01	2	0.0001	68	0.3245	0.03	0:LIVING	Male	Not Hispanic Or Latino	Black or African American	LUAD	Lung Adenocarcinoma (NOS)	MX	5TH	T1	0	-24942
TCGA-4B-A93V	TCGA-4B-A93V-01	122	0.4531	52	0.3475	0.24	1:DECEASED	Female	Not Hispanic Or Latino	Black or African American	LUAD	Lung Adenocarcinoma, Mixed Subtype	M0	7TH	T1B	26	-19035
TCGA-50-5044	TCGA-50-5044-01	122	0.0003	72	0.313	0	1:DECEASED	Female	Not Hispanic Or Latino	White	LUAD	Lung Adenocarcinoma (NOS)	M0	5TH	T4	1	-26567
TCGA-50-5045	TCGA-50-5045-01	294	0.0850	57	0.305	0	1:DECEASED	Female	Not Hispanic Or Latino	Black or African American	LUAD	Lung Adenocarcinoma (NOS)	M0	6TH	T2	3	-20961
TCGA-50-5049	TCGA-50-5049-01	745	0.0468	70	0.3052	0	0:LIVING	Male	Not Hispanic Or Latino	White	LUAD	Lung Adenocarcinoma (NOS)	M0	6TH	T2	15	-25577
TCGA-50-5051	TCGA-50-5051-01	103	0.5353	42	0.3028	0	1:DECEASED	Female	Not Hispanic Or Latino	White	LUAD	Lung Adenocarcinoma (NOS)	M0	6TH	T2	22	-15585
TCGA-50-5055	TCGA-50-5055-01	21	0.0342	79	0.3077	0	1:DECEASED	Female	Not Hispanic Or Latino	White	LUAD	Lung Adenocarcinoma, Mixed Subtype	M0	6TH	T1	1	-28988
TCGA-50-5066	TCGA-50-5066-01	264	0.0599	72	0.2919	3.45	0:LIVING	Male	Not Hispanic Or Latino	Black or African American	LUAD	Lung Adenocarcinoma, Mixed Subtype	M0	6TH	T2	11	-26385
TCGA-50-5068	TCGA-50-5068-01	85	0.0115	59	0.3108	0	1:DECEASED	Female	Not Hispanic Or Latino	White	LUAD	Lung Adenocarcinoma (NOS)	MX	6TH	T2	32	-21728
TCGA-50-5072	TCGA-50-5072-01	155	0.1721	74	0.2997	0.02	1:DECEASED	Male	Not Hispanic Or Latino	White	LUAD	Lung Adenocarcinoma (NOS)	M0	6TH	T2	27	-27036
TCGA-50-5930	TCGA-50-5930-01	1030	0.1503	47	0.2831	0	1:DECEASED	Male	Not Hispanic Or Latino	White	LUAD	Lung Adenocarcinoma, Mixed Subtype	M0	5TH	T2	2	-17238
TCGA-50-5931	TCGA-50-5931-01	276	0.4539	75	0.3013	0.33	1:DECEASED	Female	Not Hispanic Or Latino	White	LUAD	Lung Adenocarcinoma (NOS)	M0	5TH	T2	12	-27733
TCGA-50-5932	TCGA-50-5932-01	70	0.3516	75	0.3033	0.19	1:DECEASED	Male	Not Hispanic Or Latino	White	LUAD	Lung Adenocarcinoma (NOS)	M0	5TH	T2	11	-27454
TCGA-50-5933	TCGA-50-5933-01	495	0.1504	72	0.2962	0.03	1:DECEASED	Male	Not Hispanic Or Latino	White	LUAD	Lung Adenocarcinoma (NOS)	M0	5TH	T4	24	-26377
TCGA-50-5935	TCGA-50-5935-01	90	0.4163	86	0.3089	0.04	1:DECEASED	Female	Not Hispanic Or Latino	White	LUAD	Lung Adenocarcinoma (NOS)	M0	6TH	T1	21	-31610
TCGA-50-5936	TCGA-50-5936-01	106	0.3737	58	0.3083	0	1:DECEASED	Male	Not Hispanic Or Latino	White	LUAD	Mucinous (Colloid) Carcinoma	M0	6TH	T2	14	-21238
TCGA-50-5939	TCGA-50-5939-01	74	0.0732	85	0.3341	0	1:DECEASED	Male	Not Hispanic Or Latino	White	LUAD	Lung Adenocarcinoma, Mixed Subtype	M0	6TH	T2	7	-31236
TCGA-50-5941	TCGA-50-5941-01	366	0.1134	55	0.292	0	0:LIVING	Female		White	LUAD	Lung Adenocarcinoma (NOS)	M0	7TH	T2A	32	-20350
TCGA-50-5942	TCGA-50-5942-01	59	0.0483	67	0.2881	0	0:LIVING	Female	Not Hispanic Or Latino	White	LUAD	Lung Adenocarcinoma (NOS)	M0	7TH	T1	2	-24781
TCGA-50-5944	TCGA-50-5944-01	54	0.4060	69	0.2843	0.04	0:LIVING	Female		White	LUAD	Lung Acinar Adenocarcinoma	M0	7TH	T1	17	-25440
TCGA-50-5946	TCGA-50-5946-01	584	0.5612	62	0.2901	0.03	0:LIVING	Male		White	LUAD	Lung Adenocarcinoma, Mixed Subtype	MX		T1	21	-22852
TCGA-50-6590	TCGA-50-6590-01	827	0.1035	72	0.2995	0.05	1:DECEASED	Female	Not Hispanic Or Latino	White	LUAD	Lung Adenocarcinoma (NOS)	M0	6TH	T2	19	-26444
TCGA-50-6591	TCGA-50-6591-01	55	0.5794	63	0.3244	0.79	1:DECEASED	Female	Not Hispanic Or Latino	White	LUAD	Lung Adenocarcinoma (NOS)	M1	6TH	T2	28	-23067
TCGA-50-6592	TCGA-50-6592-01	267	0.0987	71	0.2877	0	1:DECEASED	Female	Not Hispanic Or Latino	White	LUAD	Lung Adenocarcinoma (NOS)	M0	6TH	T2	14	-26191
TCGA-50-6593	TCGA-50-6593-01	287	0.2090	49	0.2839	0	1:DECEASED	Female	Not Hispanic Or Latino	White	LUAD	Lung Adenocarcinoma, Mixed Subtype	M0	6TH	T1	29	-18152
TCGA-50-6594	TCGA-50-6594-01	488	0.4787	79	0.3083	0.26	1:DECEASED	Female	Not Hispanic Or Latino	Black or African American	LUAD	Lung Adenocarcinoma (NOS)	M0	6TH	T3	17	-28924
TCGA-50-6595	TCGA-50-6595-01	98	0.0248	74	0.3005	0	1:DECEASED	Female	Not Hispanic Or Latino	White	LUAD	Lung Adenocarcinoma (NOS)	M0	6TH	T2	12	-27197
TCGA-50-6597	TCGA-50-6597-01	51	0.2670	79	0.3029	0.01	1:DECEASED	Female	Not Hispanic Or Latino	White	LUAD	Lung Adenocarcinoma (NOS)	M0	6TH	T2	15	-29195
TCGA-50-6673	TCGA-50-6673-01	83	0.2202	84	0.2908	0.02	1:DECEASED	Female		White	LUAD	Lung Adenocarcinoma (NOS)	M0	6TH	T1	18	-30689
TCGA-50-7109	TCGA-50-7109-01	233	0.5497	60	0.3035	0.03	1:DECEASED	Male	Not Hispanic Or Latino	White	LUAD	Lung Adenocarcinoma (NOS)	M0	7TH	T1	21	-21979
TCGA-50-8457	TCGA-50-8457-01	53	0.0581	63	0.3402	0	0:LIVING	Female	Not Hispanic Or Latino	Black or African American	LUAD	Lung Adenocarcinoma, Mixed Subtype	M0	7TH	T1A	3	-23055
TCGA-50-8459	TCGA-50-8459-01	76	0.0065	68	0.3327	0.12	0:LIVING	Male	Not Hispanic Or Latino	White	LUAD	Mucinous (Colloid) Carcinoma	M0	7TH	T3	4	-24859
TCGA-50-8460	TCGA-50-8460-01	31	0.2005	74	0.3409	0.19	0:LIVING	Male	Not Hispanic Or Latino	White	LUAD	Lung Papillary Adenocarcinoma	M0	7TH	T1A	8	-27270
TCGA-53-7624	TCGA-53-7624-01	743	0.6673	40	0.317	0.42	1:DECEASED	Female	Hispanic Or Latino	White	LUAD	Lung Adenocarcinoma (NOS)	M1	6TH	T2	18	-14794
TCGA-53-7626	TCGA-53-7626-01	1048	0.2535	76	0.3176	0	1:DECEASED	Female	Not Hispanic Or Latino	White	LUAD	Lung Adenocarcinoma (NOS)	M0	6TH	T1	10	-28024
TCGA-53-7813	TCGA-53-7813-01	149	0.2515	51	0.3387	0.08	0:LIVING	Female	Not Hispanic Or Latino	White	LUAD	Lung Bronchioloalveolar Carcinoma, Non-Mucinous	M0	6TH	T4	20	-18875
TCGA-53-A4EZ	TCGA-53-A4EZ-01	453	0.6586	63	0.3105	0	0:LIVING	Male	Hispanic Or Latino	White	LUAD	Lung Acinar Adenocarcinoma	MX	7TH	T2A	23	-23201
TCGA-55-1592	TCGA-55-1592-01	487	0.5835	65	0.2803	0.1	1:DECEASED	Male	Not Hispanic Or Latino	White	LUAD	Lung Adenocarcinoma (NOS)	M0		T2	22	
TCGA-55-1594	TCGA-55-1594-01	169	0.6566	68	0.2912	0.34	0:LIVING	Male	Not Hispanic Or Latino	White	LUAD	Lung Adenocarcinoma (NOS)	M0		T2	23	-25008
TCGA-55-1595	TCGA-55-1595-01	297	0.6128	74	0.2662	0.88	0:LIVING	Female	Not Hispanic Or Latino	Asian	LUAD	Lung Clear Cell Adenocarcinoma	M0	6TH	T1	25	
TCGA-55-1596	TCGA-55-1596-01	178	0.7496	55	0.2772	0.29	0:LIVING	Male	Not Hispanic Or Latino	Asian	LUAD	Lung Adenocarcinoma (NOS)	M0	6TH	T2	28	-20381
TCGA-55-5899	TCGA-55-5899-01	386	0.6014	58	0.3053	0.07	0:LIVING	Male	Not Hispanic Or Latino	White	LUAD	Lung Adenocarcinoma (NOS)	M0	7TH	T1A	19	
TCGA-55-6543	TCGA-55-6543-01	23	0.2923	60	0.3	0.14	0:LIVING	Female		White	LUAD	Lung Bronchioloalveolar Carcinoma, Mucinous	MX	7TH	T1B	10	
TCGA-55-6642	TCGA-55-6642-01	122	0.1444	63	0.3046	0	0:LIVING	Male		White	LUAD	Lung Adenocarcinoma (NOS)	MX	6TH	T2	15	-23107
TCGA-55-6712	TCGA-55-6712-01	129	0.3129	71	0.3013	0	1:DECEASED	Male		White	LUAD	Lung Adenocarcinoma (NOS)	MX	7TH	T2A	21	
TCGA-55-6968	TCGA-55-6968-01	460	0.3815	61	0.3192	0.02	1:DECEASED	Male	Not Hispanic Or Latino	White	LUAD	Lung Adenocarcinoma (NOS)	M1	6TH	T1	12	-22344
TCGA-55-6969	TCGA-55-6969-01	427	0.0772	52	0.2795	0.01	0:LIVING	Male		White	LUAD	Lung Adenocarcinoma (NOS)	M0	6TH	T2	24	-19270
TCGA-55-6970	TCGA-55-6970-01	175	0.2406	67	0.3069	0	1:DECEASED	Female		White	LUAD	Lung Papillary Adenocarcinoma	MX	6TH	T2	13	-24773
TCGA-55-6971	TCGA-55-6971-01	202	0.0622	59	0.293	0	0:LIVING	Female		White	LUAD	Lung Adenocarcinoma (NOS)	MX	7TH	T2	22	-21734
TCGA-55-6972	TCGA-55-6972-01	265	0.4609	72	0.2864	0.63	1:DECEASED	Male	Not Hispanic Or Latino	White	LUAD	Lung Papillary Adenocarcinoma	M0	6TH	T2	18	-26625
TCGA-55-6975	TCGA-55-6975-01	85	0.1960	61	0.2973	0	1:DECEASED	Male	Not Hispanic Or Latino	White	LUAD	Lung Adenocarcinoma, Mixed Subtype	M0	6TH	T2	13	
TCGA-55-6978	TCGA-55-6978-01	54	0.0102	81	0.279	0	1:DECEASED	Male	Not Hispanic Or Latino	White	LUAD	Lung Adenocarcinoma (NOS)	MX	7TH	T2B	4	
TCGA-55-6979	TCGA-55-6979-01	535	0.0568	59	0.2926	0	1:DECEASED	Female		White	LUAD	Lung Adenocarcinoma (NOS)	M0	6TH	T2	13	-21780
TCGA-55-6980	TCGA-55-6980-01	30	0.1855	56	0.2955	0	0:LIVING	Male		White	LUAD	Lung Bronchioloalveolar Carcinoma, Non-Mucinous	M0	6TH	T1	15	
TCGA-55-6981	TCGA-55-6981-01	203	0.2902	53	0.275	0	1:DECEASED	Female	Not Hispanic Or Latino	White	LUAD	Lung Adenocarcinoma (NOS)	M0	6TH	T1	24	-19497
TCGA-55-6982	TCGA-55-6982-01	214	0.0799	79	0.2939	0.01	1:DECEASED	Female		White	LUAD	Lung Adenocarcinoma (NOS)	M0	6TH	T2	22	
TCGA-55-6983	TCGA-55-6983-01	105	0.0996	81	0.3045	0	0:LIVING	Male	Not Hispanic Or Latino	White	LUAD	Mucinous (Colloid) Carcinoma	M0	6TH	T2	6	
TCGA-55-6984	TCGA-55-6984-01	32	0.1609	71	0.3082	0	1:DECEASED	Female	Not Hispanic Or Latino	White	LUAD	Lung Adenocarcinoma (NOS)	M0	6TH	T2	6	
TCGA-55-6985	TCGA-55-6985-01	438	0.2000	58	0.3005	0	0:LIVING	Female		White	LUAD	Lung Adenocarcinoma (NOS)	MX	6TH	T2	13	-21381
TCGA-55-6986	TCGA-55-6986-01	23	0.0410	74	0.2868	0	0:LIVING	Female		White	LUAD	Lung Bronchioloalveolar Carcinoma, Non-Mucinous	M0	6TH	T2	0	
TCGA-55-6987	TCGA-55-6987-01	214	0.0706	77	0.3051	0	0:LIVING	Male	Not Hispanic Or Latino	White	LUAD	Lung Adenocarcinoma (NOS)	M0	6TH	T1	7	-28382
TCGA-55-7227	TCGA-55-7227-01	150		77	0.294	0	1:DECEASED	Male	Not Hispanic Or Latino	White		Lung Adenocarcinoma (NOS)	MX	7TH	T3		-28458
TCGA-55-7281	TCGA-55-7281-01	438	0.4215	70	0.2873	0.02	0:LIVING	Female		White	LUAD	Lung Adenocarcinoma (NOS)	M0	7TH	T1B	18	-25870
TCGA-55-7283	TCGA-55-7283-01	209	0.2525	76	0.3037	0	0:LIVING	Female	Not Hispanic Or Latino	White	LUAD	Lung Bronchioloalveolar Carcinoma, Non-Mucinous	MX	7TH	T3	18	-27946
TCGA-55-7284	TCGA-55-7284-01	40	0.0259	74	0.3198	0	1:DECEASED	Male	Not Hispanic Or Latino	White	LUAD	Lung Bronchioloalveolar Carcinoma, Non-Mucinous	MX	7TH	T3	10	-27087
TCGA-55-7570	TCGA-55-7570-01	354	0.2514	60	0.3006	0	0:LIVING	Male	Not Hispanic Or Latino	Black or African American	LUAD	Lung Adenocarcinoma (NOS)	MX	7TH	T1A	10	-22218
TCGA-55-7573	TCGA-55-7573-01	50	0.3445	72	0.3036	0	0:LIVING	Female	Not Hispanic Or Latino	White	LUAD	Lung Adenocarcinoma (NOS)	MX	7TH	T1B	16	-26302
TCGA-55-7574	TCGA-55-7574-01	247	0.0385	64	0.3064	0	1:DECEASED	Female	Not Hispanic Or Latino	White	LUAD	Lung Adenocarcinoma (NOS)	M0	7TH	T2A	11	-23703
TCGA-55-7576	TCGA-55-7576-01	371	0.4404	54	0.3078	0.01	0:LIVING	Male	Not Hispanic Or Latino	Black or African American	LUAD	Lung Adenocarcinoma (NOS)	M0	7TH	T2A	19	-19917
TCGA-55-7724	TCGA-55-7724-01	214	0.0190	76	0.3507	0	0:LIVING	Female	Not Hispanic Or Latino	White	LUAD	Lung Adenocarcinoma (NOS)	MX	7TH	T2A	11	-27891
TCGA-55-7725	TCGA-55-7725-01	116	0.1388	68	0.3117	0.08	0:LIVING	Female	Not Hispanic Or Latino	White	LUAD	Lung Adenocarcinoma (NOS)	MX	7TH	T1A	6	-24848
TCGA-55-7726	TCGA-55-7726-01	110	0.2587	72	0.3484	0	0:LIVING	Female	Not Hispanic Or Latino	White	LUAD	Lung Adenocarcinoma (NOS)	MX	7TH	T1B	23	-26451
TCGA-55-7727	TCGA-55-7727-01	221	0.2006	70	0.3554	0.08	0:LIVING	Male	Not Hispanic Or Latino	White	LUAD	Lung Adenocarcinoma (NOS)	MX	7TH	T1A	12	-25929
TCGA-55-7728	TCGA-55-7728-01	87	0.0590	64	0.3474	0	0:LIVING	Female	Not Hispanic Or Latino	White	LUAD	Mucinous (Colloid) Carcinoma	MX	7TH	T2A	1	-23505
TCGA-55-7815	TCGA-55-7815-01	126	0.1318	76	0.337	0	0:LIVING	Male			LUAD	Lung Adenocarcinoma (NOS)	MX	7TH	T2A	25	-28119
TCGA-55-7816	TCGA-55-7816-01	2		49	0.2941	0.27	1:DECEASED	Female	Not Hispanic Or Latino	White		Lung Adenocarcinoma (NOS)	MX	7TH	TX		-18170
TCGA-55-7903	TCGA-55-7903-01	142	0.2587	64	0.3455	0	0:LIVING	Male	Not Hispanic Or Latino	White	LUAD	Lung Adenocarcinoma (NOS)	MX	7TH	T1B	7	-23509
TCGA-55-7907	TCGA-55-7907-01	1067	0.3482	77	0.3314	0.05	1:DECEASED	Male	Not Hispanic Or Latino	White	LUAD	Lung Adenocarcinoma (NOS)	MX	7TH	T2A	24	-28201
TCGA-55-7910	TCGA-55-7910-01	287	0.5284	50	0.3415	0	0:LIVING	Female	Not Hispanic Or Latino	Black or African American	LUAD	Lung Adenocarcinoma (NOS)	M0	7TH	T2B	20	-18289
TCGA-55-7911	TCGA-55-7911-01	211	0.0964	70	0.3558	0.02	0:LIVING	Female	Not Hispanic Or Latino	White	LUAD	Lung Adenocarcinoma (NOS)	MX	7TH	T1A	14	-25746
TCGA-55-7913	TCGA-55-7913-01	310	0.2153	61	0.3381	0.24	1:DECEASED	Female	Not Hispanic Or Latino	Black or African American	LUAD	Lung Adenocarcinoma (NOS)	MX	7TH	T1B	19	-22326
TCGA-55-7914	TCGA-55-7914-01	161	0.2550	71	0.3043	0.06	1:DECEASED	Female	Not Hispanic Or Latino	White	LUAD	Lung Adenocarcinoma (NOS)	MX	7TH	T1B	9	-26105
TCGA-55-7994	TCGA-55-7994-01	1390	0.5861	81	0.3527	0.04	0:LIVING	Male	Not Hispanic Or Latino	White	LUAD	Lung Adenocarcinoma (NOS)	MX	7TH	T3	16	-29858
TCGA-55-7995	TCGA-55-7995-01	606	0.3208	73	0.3538	0.02	0:LIVING	Female	Not Hispanic Or Latino	White	LUAD	Lung Adenocarcinoma (NOS)	M0	7TH	T1B	23	-26837
TCGA-55-8085	TCGA-55-8085-01	224	0.2779	64	0.3109	0	0:LIVING	Male	Not Hispanic Or Latino	White	LUAD	Lung Papillary Adenocarcinoma	M0	7TH	T1B	6	-23596
TCGA-55-8087	TCGA-55-8087-01	34	0.0996	59	0.3177	0.08	0:LIVING	Female	Not Hispanic Or Latino	White	LUAD	Lung Adenocarcinoma (NOS)	MX	7TH	T2A	5	-21655
TCGA-55-8089	TCGA-55-8089-01	1096	0.0325	56	0.3445	0	1:DECEASED	Male	Not Hispanic Or Latino	White	LUAD	Lung Adenocarcinoma (NOS)	M0	7TH	T1A	11	-20576
TCGA-55-8090	TCGA-55-8090-01	77	0.0643	80	0.3169	0.02	1:DECEASED	Male	Not Hispanic Or Latino	White	LUAD	Lung Adenocarcinoma (NOS)	M0	7TH	T1A	14	-29235
TCGA-55-8091	TCGA-55-8091-01	30	0.4845	74	0.3272	0.06	0:LIVING	Male	Not Hispanic Or Latino	White	LUAD	Lung Adenocarcinoma (NOS)	MX	7TH	T2	13	-27385
TCGA-55-8092	TCGA-55-8092-01	493	0.3084	75	0.319	0.02	1:DECEASED	Male	Not Hispanic Or Latino	White	LUAD	Lung Adenocarcinoma (NOS)	MX	7TH	T3	16	-27597
TCGA-55-8094	TCGA-55-8094-01	394	0.6613	51	0.3206	0.24	0:LIVING	Male	Not Hispanic Or Latino	White	LUAD	Lung Adenocarcinoma (NOS)	M1B	7TH	T2B	18	-18903
TCGA-55-8096	TCGA-55-8096-01	132	0.0908	67	0.3506	0.02	1:DECEASED	Female	Not Hispanic Or Latino	White	LUAD	Lung Adenocarcinoma (NOS)	MX	7TH	T2A	24	-24684
TCGA-55-8097	TCGA-55-8097-01	100	0.2133	60	0.3278	0	0:LIVING	Female	Not Hispanic Or Latino	White	LUAD	Lung Adenocarcinoma (NOS)	MX	7TH	T1A	6	-22260
TCGA-55-8203	TCGA-55-8203-01	386	0.2835	69	0.3099	0.07	0:LIVING	Female	Not Hispanic Or Latino	White	LUAD	Lung Adenocarcinoma (NOS)	M0	7TH	T1B	20	-25477
TCGA-55-8204	TCGA-55-8204-01	193	0.2783	87	0.3441	0.02	0:LIVING	Female	Not Hispanic Or Latino	White	LUAD	Lung Adenocarcinoma (NOS)	MX	7TH	T2A	10	-31818
TCGA-55-8205	TCGA-55-8205-01	474	0.1046	76	0.3331	0.15	0:LIVING	Female	Not Hispanic Or Latino	White	LUAD	Lung Adenocarcinoma (NOS)	M0	7TH	T2B	22	-28063
TCGA-55-8206	TCGA-55-8206-01	27	0.1614	56	0.345	0	0:LIVING	Male	Not Hispanic Or Latino	White	LUAD	Lung Adenocarcinoma (NOS)	M0	7TH	T1B	20	-20690
TCGA-55-8207	TCGA-55-8207-01	277	0.4614	73	0.3312	0.1	0:LIVING	Male	Not Hispanic Or Latino	White	LUAD	Lung Acinar Adenocarcinoma	MX	7TH	T2A	15	-26897
TCGA-55-8208	TCGA-55-8208-01	318	0.0439	73	0.2956	0.02	0:LIVING	Female	Not Hispanic Or Latino	White	LUAD	Lung Adenocarcinoma (NOS)	M0	7TH	T1B	9	-26716
TCGA-55-8299	TCGA-55-8299-01	195	0.0000	61	0.329	0.02	1:DECEASED	Female	Not Hispanic Or Latino	White	LUAD	Lung Adenocarcinoma (NOS)	MX	7TH	T1B		-22626
TCGA-55-8301	TCGA-55-8301-01	262	0.0758	58	0.3329	0.24	0:LIVING	Male	Not Hispanic Or Latino	White	LUAD	Lung Adenocarcinoma (NOS)	MX	7TH	T2A	8	-21535
TCGA-55-8302	TCGA-55-8302-01	613	0.1708	54	0.3126	0.52	0:LIVING	Male		White	LUAD	Lung Adenocarcinoma (NOS)	MX	7TH	T2	12	-20011
TCGA-55-8505	TCGA-55-8505-01	27	0.0096	62	0.3302	0.07	0:LIVING	Male	Not Hispanic Or Latino	White	LUAD	Lung Adenocarcinoma (NOS)	MX	7TH	T1A	6	-22676
TCGA-55-8506	TCGA-55-8506-01	1582	0.3267	62	0.5316	6.82	0:LIVING	Female	Not Hispanic Or Latino	White	LUAD	Lung Adenocarcinoma (NOS)	MX	7TH	T3	13	-22850
TCGA-55-8507	TCGA-55-8507-01	874	0.5642	53	0.3629	0.23	0:LIVING	Male	Not Hispanic Or Latino	White	LUAD	Lung Adenocarcinoma (NOS)	MX	7TH	T1A	22	-19390
TCGA-55-8508	TCGA-55-8508-01	165	0.1802	60	0.3292	0	0:LIVING	Female	Not Hispanic Or Latino	Black or African American	LUAD	Mucinous (Colloid) Carcinoma	MX	7TH	T2A	13	-22159
TCGA-55-8510	TCGA-55-8510-01	273	0.1246	55	0.3384	0.1	0:LIVING	Female	Not Hispanic Or Latino	White	LUAD	Lung Adenocarcinoma (NOS)	MX	7TH	T2A	25	-20410
TCGA-55-8511	TCGA-55-8511-01	511	0.1225	73	0.3413	0.85	0:LIVING	Female	Not Hispanic Or Latino	White	LUAD	Lung Adenocarcinoma (NOS)	MX	7TH	T2A	20	-26986
TCGA-55-8512	TCGA-55-8512-01	35	0.1895	41	0.318	0	1:DECEASED	Male	Not Hispanic Or Latino	White	LUAD	Lung Bronchioloalveolar Carcinoma, Non-Mucinous	M1B	7TH	T1A	9	-15266
TCGA-55-8513	TCGA-55-8513-01	5	0	77	0.3194	0	0:LIVING	Female	Not Hispanic Or Latino	White	LUAD	Mucinous (Colloid) Carcinoma	MX	7TH	T3	0	-28284
TCGA-55-8514	TCGA-55-8514-01	249	0.8013	70	0.3151	0.45	0:LIVING	Female	Not Hispanic Or Latino	Black or African American	LUAD	Lung Adenocarcinoma (NOS)	MX	7TH	T2A	26	-25608
TCGA-55-8614	TCGA-55-8614-01	202	0.3320	76	0.3412	0.01	0:LIVING	Male	Not Hispanic Or Latino	White	LUAD	Lung Adenocarcinoma (NOS)	MX	7TH	T2A	23	-27924
TCGA-55-8615	TCGA-55-8615-01	99	0.6786	67	0.3269	0.17	0:LIVING	Male	Not Hispanic Or Latino	White	LUAD	Lung Adenocarcinoma (NOS)	MX	7TH	T3	23	-24786
TCGA-55-8616	TCGA-55-8616-01	431	0.3848	58	0.3503	0.12	0:LIVING	Female	Not Hispanic Or Latino	White	LUAD	Lung Adenocarcinoma (NOS)	M0	7TH	T2A	22	-21225
TCGA-55-8619	TCGA-55-8619-01	20	0.0000	72	0.323	0	0:LIVING	Female	Not Hispanic Or Latino	White	LUAD	Mucinous (Colloid) Carcinoma	MX	7TH	T3	1	-26616
TCGA-55-8620	TCGA-55-8620-01	437	0.3493	60	0.3391	1.13	1:DECEASED	Male	Not Hispanic Or Latino	White	LUAD	Lung Adenocarcinoma (NOS)	M1B	7TH	T1A	15	-22091
TCGA-55-8621	TCGA-55-8621-01	68	0.0000	75	0.3078	0.19	0:LIVING	Female	Not Hispanic Or Latino	White	LUAD	Lung Adenocarcinoma (NOS)	MX	7TH	T1A	1	-27485
TCGA-55-A48X	TCGA-55-A48X-01	364	0.0066	63	0.3152	0	0:LIVING	Female	Not Hispanic Or Latino	White	LUAD	Lung Adenocarcinoma (NOS)	M0	7TH	T1B	13	-23341
TCGA-55-A48Y	TCGA-55-A48Y-01	313	0.1886	69	0.3259	0	0:LIVING	Male	Not Hispanic Or Latino	White	LUAD	Lung Adenocarcinoma (NOS)	M0	7TH	T2B	6	-25384
TCGA-55-A48Z	TCGA-55-A48Z-01	44	0.3205	60	0.3062	0.03	0:LIVING	Female	Not Hispanic Or Latino	White	LUAD	Lung Adenocarcinoma, Mixed Subtype	MX	7TH	T1A	17	-22056
TCGA-55-A490	TCGA-55-A490-01	1191	0.5419	78	0.3394	0.12	1:DECEASED	Male	Not Hispanic Or Latino	White	LUAD	Lung Adenocarcinoma (NOS)	MX	7TH	T2B	18	-28728
TCGA-55-A491	TCGA-55-A491-01	334	0.4770	81	0.3009	0.05	0:LIVING	Female	Not Hispanic Or Latino	White	LUAD	Lung Adenocarcinoma (NOS)	MX	7TH	T1B	26	-29593
TCGA-55-A492	TCGA-55-A492-01	261	0.2069	70	0.3293	0.32	0:LIVING	Female	Not Hispanic Or Latino	White	LUAD	Lung Adenocarcinoma (NOS)	MX	7TH	T1A	12	-25719
TCGA-55-A493	TCGA-55-A493-01	237	0.0981	54	0.3235	0.25	0:LIVING	Female	Not Hispanic Or Latino	White	LUAD	Lung Adenocarcinoma (NOS)	M0	7TH	T2A	16	-20027
TCGA-55-A494	TCGA-55-A494-01	212	0.3316	61	0.3189	0.11	0:LIVING	Female	Not Hispanic Or Latino	White	LUAD	Lung Adenocarcinoma (NOS)	MX	7TH	T2A	28	-22540
TCGA-55-A4DF	TCGA-55-A4DF-01	676	0.3667	88	0.3092	0.22	1:DECEASED	Male	Not Hispanic Or Latino	White	LUAD	Lung Adenocarcinoma (NOS)	MX	7TH	T1B	13	-32432
TCGA-55-A4DG	TCGA-55-A4DG-01	625	0.4264	71	0.335	0.31	0:LIVING	Male	Not Hispanic Or Latino	White	LUAD	Lung Adenocarcinoma (NOS)	MX	7TH	T1B	22	-26044
TCGA-55-A57B	TCGA-55-A57B-01	39	0.2150	80	0.3221	0	0:LIVING	Female	Not Hispanic Or Latino	Black or African American	LUAD	Lung Adenocarcinoma, Mixed Subtype	M0	7TH	T1B	21	-29452
TCGA-62-8394	TCGA-62-8394-01	117	0.4188	65	0.3238	0.4	1:DECEASED	Female	Not Hispanic Or Latino	White	LUAD	Lung Adenocarcinoma, Mixed Subtype	M0	6TH	T4	17	-23758
TCGA-62-8395	TCGA-62-8395-01	73	0.2137	80	0.3261	0.04	0:LIVING	Female	Not Hispanic Or Latino	White	LUAD	Lung Adenocarcinoma, Mixed Subtype	M0	6TH	T3	6	-29311
TCGA-62-8397	TCGA-62-8397-01	24	0.2308	70	0.3149	0.27	0:LIVING	Female	Not Hispanic Or Latino	White	LUAD	Lung Adenocarcinoma, Mixed Subtype	M0	6TH	T3	23	-25728
TCGA-62-8398	TCGA-62-8398-01	74	0.3034	55	0.3196	0.36	1:DECEASED	Male	Not Hispanic Or Latino	White	LUAD	Lung Adenocarcinoma, Mixed Subtype	M0	6TH	T2	24	-20197
TCGA-62-8399	TCGA-62-8399-01	466	0.4884	62	0.3201	0.35	0:LIVING	Male	Not Hispanic Or Latino	White	LUAD	Lung Papillary Adenocarcinoma	M0	6TH	T2	13	-22952
TCGA-62-8402	TCGA-62-8402-01	41	0.3729	73	0.335	0.95	1:DECEASED	Female	Not Hispanic Or Latino	White	LUAD	Lung Adenocarcinoma, Mixed Subtype	M0	6TH	T2	31	-26934
TCGA-62-A46O	TCGA-62-A46O-01	798	0.6086	65	0.3242	0.43	1:DECEASED	Female	Not Hispanic Or Latino	White	LUAD	Lung Adenocarcinoma (NOS)	M0	6TH	T2	14	-24050
TCGA-62-A46P	TCGA-62-A46P-01	249	0.2250	65	0.3373	0	1:DECEASED	Male	Not Hispanic Or Latino	White	LUAD	Lung Adenocarcinoma, Mixed Subtype	M0	6TH	T2	6	-23993
TCGA-62-A46R	TCGA-62-A46R-01	170	0.3944	54	0.3214	0	1:DECEASED	Female	Not Hispanic Or Latino	White	LUAD	Lung Adenocarcinoma, Mixed Subtype	M0	6TH	T2	24	-20063
TCGA-62-A46S	TCGA-62-A46S-01	106	0.2331	73	0.3163	0	1:DECEASED	Male	Not Hispanic Or Latino	White	LUAD	Lung Papillary Adenocarcinoma	M0	6TH	T2	17	-26825
TCGA-62-A46U	TCGA-62-A46U-01	40	0.1571	71	0.3108	0	0:LIVING	Female	Not Hispanic Or Latino	White	LUAD	Lung Adenocarcinoma, Mixed Subtype	M0	6TH	T2	16	-25998
TCGA-62-A46V	TCGA-62-A46V-01	54	0.2920	78	0.326	0	0:LIVING	Female	Not Hispanic Or Latino	White	LUAD	Lung Adenocarcinoma, Mixed Subtype	M0	6TH	T2	6	-28495
TCGA-62-A46Y	TCGA-62-A46Y-01	35	0.1431	70	0.3295	0	1:DECEASED	Female	Not Hispanic Or Latino	White	LUAD	Lung Adenocarcinoma, Mixed Subtype	M0	6TH	T2	6	-25905
TCGA-62-A470	TCGA-62-A470-01	105	0.5991	84	0.3313	0.18	1:DECEASED	Male	Not Hispanic Or Latino	White	LUAD	Lung Acinar Adenocarcinoma	M0	6TH	T2	23	-30689
TCGA-62-A471	TCGA-62-A471-01	90	0.4409	64	0.3326	0.01	0:LIVING	Male	Not Hispanic Or Latino	White	LUAD	Lung Adenocarcinoma (NOS)	M0	7TH	T2B	24	-23689
TCGA-62-A472	TCGA-62-A472-01	53	0.2944	70	0.3272	0.19	0:LIVING	Male	Not Hispanic Or Latino	White	LUAD	Lung Adenocarcinoma (NOS)	M0	7TH	T3	21	-25893
TCGA-64-1676	TCGA-64-1676-01	530	0.5188	58	0.2746	0.04	0:LIVING	Male	Not Hispanic Or Latino	White	LUAD	Lung Adenocarcinoma (NOS)	M0		T1A	16	-21428
TCGA-64-1677	TCGA-64-1677-01	195	0.1277	77	0.2728	0.04	1:DECEASED	Female	Not Hispanic Or Latino	White	LUAD	Lung Adenocarcinoma (NOS)	M0		T2	21	-28482
TCGA-64-1678	TCGA-64-1678-01		0.5476	70	0.2919	1.05	0:LIVING	Female	Not Hispanic Or Latino	White		Lung Adenocarcinoma (NOS)	M0	6TH	T2B	12	-25931
TCGA-64-1679	TCGA-64-1679-01	480	0.1979	58	0.3127	0	0:LIVING	Female	Not Hispanic Or Latino	White	LUAD	Lung Adenocarcinoma (NOS)	M0	6TH	T1	25	-21310
TCGA-64-1680	TCGA-64-1680-01	54	0.3404	63	0.2725	1.04	0:LIVING	Male	Not Hispanic Or Latino	White	LUAD	Lung Adenocarcinoma, Mixed Subtype	M1	6TH	T2A	18	-23267
TCGA-64-1681	TCGA-64-1681-01	77	0.3458	61	0.3243	0.01	1:DECEASED	Female	Not Hispanic Or Latino	White	LUAD	Lung Adenocarcinoma (NOS)	M0	6TH	T1	26	-22525
TCGA-64-5774	TCGA-64-5774-01	123	0.6034	60	0.3093	0.18	0:LIVING	Male	Not Hispanic Or Latino	White	LUAD	Lung Adenocarcinoma (NOS)	M0	6TH	T2	19	-22059
TCGA-64-5775	TCGA-64-5775-01	434	0.3238	71	0.2952	0.27	1:DECEASED	Male	Not Hispanic Or Latino	White	LUAD	Lung Adenocarcinoma (NOS)	M0		T4	14	-26058
TCGA-64-5778	TCGA-64-5778-01	420	0.3264	60	0.3135	0.03	0:LIVING	Male	Not Hispanic Or Latino	White	LUAD	Lung Bronchioloalveolar Carcinoma, Non-Mucinous	M0	6TH	T2	10	-21927
TCGA-64-5779	TCGA-64-5779-01	325	0.6682	61	0.3101	0	0:LIVING	Male	Not Hispanic Or Latino	White	LUAD	Lung Acinar Adenocarcinoma	M0	6TH	T2	19	-22305
TCGA-64-5781	TCGA-64-5781-01	1022	0.1808	55	0.2985	0.02	0:LIVING	Female	Not Hispanic Or Latino	White	LUAD	Lung Adenocarcinoma, Mixed Subtype	M0	6TH	T2	11	-20219
TCGA-64-5815	TCGA-64-5815-01	147	0.1850	74	0.2793	0	0:LIVING	Male	Not Hispanic Or Latino	White	LUAD	Lung Adenocarcinoma, Mixed Subtype	M0	6TH	T2	8	-27280
TCGA-67-3770	TCGA-67-3770-01	187	0.3918	70	0.2832	0.36	0:LIVING	Female	Not Hispanic Or Latino	White		Lung Adenocarcinoma (NOS)	M0		T1	16	-25658
TCGA-67-3771	TCGA-67-3771-01	948	0.6308	77	0.3208	0.6	0:LIVING	Female	Not Hispanic Or Latino	Black or African American	LUAD	Lung Adenocarcinoma (NOS)	M0	6TH	T1	21	-28406
TCGA-67-3772	TCGA-67-3772-01	59	0.3283	82	0.2699	0	0:LIVING	Female	Not Hispanic Or Latino	White	LUAD	Lung Adenocarcinoma (NOS)	M0	6TH	T2	10	-29989
TCGA-67-3773	TCGA-67-3773-01	95	0.1224	84	0.2811	0.1	0:LIVING	Female	Not Hispanic Or Latino	White	LUAD	Lung Adenocarcinoma (NOS)	M0	6TH	T2	5	-30706
TCGA-67-3774	TCGA-67-3774-01	95	0.2154	73	0.2771	0	0:LIVING	Female	Not Hispanic Or Latino	White	LUAD	Lung Adenocarcinoma (NOS)	M0	6TH	T2	7	-26704
TCGA-67-4679	TCGA-67-4679-01	262	0.1694	69	0.2885	0	0:LIVING	Male	Not Hispanic Or Latino	White	LUAD	Lung Adenocarcinoma (NOS)	M0		T3	2	-25202
TCGA-67-6215	TCGA-67-6215-01	103	0.2122	52	0.2956	0.01	0:LIVING	Female	Not Hispanic Or Latino	White	LUAD	Lung Adenocarcinoma (NOS)	M0	7TH	T2A	7	-19310
TCGA-67-6216	TCGA-67-6216-01	40	0.0855	57	0.2921	0	0:LIVING	Female	Not Hispanic Or Latino	White	LUAD	Lung Adenocarcinoma (NOS)	M0	7TH	T1A	2	-20967
TCGA-67-6217	TCGA-67-6217-01	177	0.4314	73	0.2965	0.01	0:LIVING	Female	Not Hispanic Or Latino	White	LUAD	Lung Adenocarcinoma (NOS)	M0	7TH	T2A	22	-26920
TCGA-69-7760	TCGA-69-7760-01	63	0.5582	73	0.3473	0.09	0:LIVING	Male	Not Hispanic Or Latino	White	LUAD	Lung Adenocarcinoma, Mixed Subtype	M0	7TH	T3	20	-26777
TCGA-69-7761	TCGA-69-7761-01	29	0.0782	84	0.3157	0	0:LIVING	Male	Not Hispanic Or Latino	White	LUAD	Lung Acinar Adenocarcinoma	MX	7TH	T2A	15	-31041
TCGA-69-7763	TCGA-69-7763-01	65	0.1675	69	0.3202	0	0:LIVING	Male	Not Hispanic Or Latino	White	LUAD	Lung Adenocarcinoma, Mixed Subtype	M0	7TH	T1B	24	-25316
TCGA-69-7764	TCGA-69-7764-01	81	0.4944	75	0.3472	0	0:LIVING	Male	Not Hispanic Or Latino	White	LUAD	Lung Adenocarcinoma, Mixed Subtype	M0	7TH	T1B	8	-27693
TCGA-69-7765	TCGA-69-7765-01	547	0.1408	56	0.3239	0.03	0:LIVING	Male	Not Hispanic Or Latino	Black or African American	LUAD	Lung Adenocarcinoma, Mixed Subtype	MX	7TH	T4	9	-20625
TCGA-69-7973	TCGA-69-7973-01	240	0.4716	42	0.3631	0	0:LIVING	Female	Not Hispanic Or Latino	White	LUAD	Lung Adenocarcinoma, Mixed Subtype	M0	7TH	T2A	23	-15355
TCGA-69-7974	TCGA-69-7974-01	482	0.1959	54	0.3588	0	0:LIVING	Female	Not Hispanic Or Latino	White	LUAD	Lung Adenocarcinoma, Mixed Subtype	MX	7TH	T2A	21	-20021
TCGA-69-7978	TCGA-69-7978-01	542	0.0369	59	0.3431	0	0:LIVING	Male	Not Hispanic Or Latino	White	LUAD	Lung Adenocarcinoma, Mixed Subtype	MX	7TH	T2B	16	-21785
TCGA-69-7979	TCGA-69-7979-01	1322	0.6272	71	0.351	0.06	0:LIVING	Female	Not Hispanic Or Latino	White	LUAD	Lung Acinar Adenocarcinoma	MX	7TH	T2A	23	-26180
TCGA-69-7980	TCGA-69-7980-01	736	0.4262	70	0.3681	0.22	0:LIVING	Female	Not Hispanic Or Latino	White	LUAD	Lung Adenocarcinoma (NOS)	M0	7TH	T1B	22	-25583
TCGA-69-8253	TCGA-69-8253-01	133	0.2314	59	0.3411	0.25	0:LIVING	Female	Not Hispanic Or Latino	Black or African American	LUAD	Lung Adenocarcinoma, Mixed Subtype	MX	7TH	T1A	16	-21771
TCGA-69-8254	TCGA-69-8254-01	75	0.0322	85	0.3148	0.03	0:LIVING	Male	Not Hispanic Or Latino	White	LUAD	Lung Adenocarcinoma, Mixed Subtype		7TH	T2B	1	-31134
TCGA-69-8255	TCGA-69-8255-01	270	0.4081	71	0.3363	0.17	0:LIVING	Male	Hispanic Or Latino	White	LUAD	Lung Solid Pattern Predominant Adenocarcinoma	M0	7TH	T1A	20	-26289
TCGA-69-8453	TCGA-69-8453-01		0.1046	77			0:LIVING	Male	Not Hispanic Or Latino	White		Mucinous (Colloid) Carcinoma	MX	7TH	T3	6	-28413
TCGA-69-A59K	TCGA-69-A59K-01	439	0.4943	60	0.3272	0.01	0:LIVING	Female	Not Hispanic Or Latino	Black or African American	LUAD	Lung Adenocarcinoma, Mixed Subtype	M0	7TH	T3		-22093
TCGA-71-6725	TCGA-71-6725-01	51	0.6934	48	0.3174	0.34	0:LIVING	Female	Not Hispanic Or Latino	Asian	LUAD	Lung Papillary Adenocarcinoma	M0	6TH	T2	21	-17793
TCGA-71-8520	TCGA-71-8520-01	80		60	0.311	0.64	1:DECEASED	Female	Not Hispanic Or Latino	Asian		Lung Adenocarcinoma (NOS)	M0	7TH	T2		-21921
TCGA-73-4658	TCGA-73-4658-01	322	0.0648	80	0.3074	0	1:DECEASED	Female	Not Hispanic Or Latino	White	LUAD	Lung Adenocarcinoma (NOS)	M0	6TH	T2	8	-29508
TCGA-73-4659	TCGA-73-4659-01	192	0.2490	66	0.2919	0	1:DECEASED	Male	Not Hispanic Or Latino	White	LUAD	Lung Adenocarcinoma (NOS)	M0	6TH	T2	24	-24253
TCGA-73-4662	TCGA-73-4662-01	205	0.4929	65	0.2984	0.01	0:LIVING	Female	Not Hispanic Or Latino	White	LUAD	Lung Adenocarcinoma (NOS)	M0	6TH	T1	14	-23762
TCGA-73-4666	TCGA-73-4666-01	342	0.3709	52	0.2944	0.22	0:LIVING	Female	Not Hispanic Or Latino	White	LUAD	Lung Adenocarcinoma (NOS)	M1		T1	22	-19074
TCGA-73-4668	TCGA-73-4668-01	485	0.4990	66	0.2789	0.03	0:LIVING	Female	Not Hispanic Or Latino	American Indian or Alaska Native	LUAD	Lung Micropapillary Adenocarcinoma	M0		T2	24	-24255
TCGA-73-4670	TCGA-73-4670-01	330	0.6786	69	0.2934	0.38	0:LIVING	Female	Not Hispanic Or Latino	White	LUAD	Lung Adenocarcinoma (NOS)	M1		T2	26	-25526
TCGA-73-4675	TCGA-73-4675-01	63	0.2590	59	0.2958	0.01	1:DECEASED	Male	Not Hispanic Or Latino	White	LUAD	Lung Adenocarcinoma (NOS)	M0	7TH	T3	24	-21614
TCGA-73-4676	TCGA-73-4676-01	85	0.2108	45	0.3162	0.02	1:DECEASED	Male	Not Hispanic Or Latino	White	LUAD	Lung Adenocarcinoma (NOS)	M0	7TH	T2A	9	-16746
TCGA-73-4677	TCGA-73-4677-01	224	0.1813	74	0.2761	0.05	1:DECEASED	Male	Not Hispanic Or Latino	White	LUAD	Lung Adenocarcinoma (NOS)	M0		T2A	14	-27381
TCGA-73-7498	TCGA-73-7498-01	99	0.1769	58	0.3439	0	0:LIVING	Female	Not Hispanic Or Latino	White	LUAD	Lung Bronchioloalveolar Carcinoma, Non-Mucinous	M0	7TH	T1B	7	-21527
TCGA-73-7499	TCGA-73-7499-01	65	0.5723	81	0.3566	0.15	1:DECEASED	Female	Not Hispanic Or Latino	White	LUAD	Lung Adenocarcinoma, Mixed Subtype	M0	7TH	T2A	23	-29683
TCGA-73-A9RS	TCGA-73-A9RS-01	844	0.6599	41	0.35	0.02	1:DECEASED	Male	Not Hispanic Or Latino	Black or African American	LUAD	Lung Adenocarcinoma (NOS)	M0	7TH	T3	18	-15162
TCGA-75-5122	TCGA-75-5122-01	120	0.0707		0.2898	0.02	1:DECEASED	Male			LUAD	Lung Adenocarcinoma (NOS)	M0		T2	9	
TCGA-75-5125	TCGA-75-5125-01	164	0.3035		0.3003	0	1:DECEASED	Male			LUAD	Lung Adenocarcinoma (NOS)	M0	6TH	T2	20	
TCGA-75-5126	TCGA-75-5126-01	584	0.0549		0.2958	0	0:LIVING	Female			LUAD	Lung Papillary Adenocarcinoma	M0		T3	7	
TCGA-75-5146	TCGA-75-5146-01	168	0.3219		0.3033	0	0:LIVING	Male			LUAD	Lung Adenocarcinoma (NOS)	M0	6TH	T2	9	
TCGA-75-5147	TCGA-75-5147-01	39	0.4140		0.2962	0.02	0:LIVING	Female			LUAD	Lung Adenocarcinoma (NOS)	M0	6TH	T2	15	
TCGA-75-6203	TCGA-75-6203-01	11	0.0169		0.2893	0	0:LIVING	Female			LUAD	Lung Adenocarcinoma (NOS)	M0	6TH	T2	10	
TCGA-75-6205	TCGA-75-6205-01	47	0.1084		0.2866	0	1:DECEASED	Female			LUAD	Lung Adenocarcinoma (NOS)	M0	7TH	T2A	24	
TCGA-75-6206	TCGA-75-6206-01	81	0.4203		0.2995	0	0:LIVING	Male			LUAD	Lung Adenocarcinoma (NOS)	M0	6TH	T2	16	
TCGA-75-6207	TCGA-75-6207-01	60	0.3714		0.2953	0.18	1:DECEASED	Male			LUAD	Lung Adenocarcinoma (NOS)	M0	6TH	T2	11	
TCGA-75-6211	TCGA-75-6211-01	341	0.5311		0.2992	0.05	1:DECEASED	Female			LUAD	Lung Adenocarcinoma (NOS)	M0	6TH	T2	17	
TCGA-75-6212	TCGA-75-6212-01	20	0.2365		0.2999	0	1:DECEASED	Female			LUAD	Lung Micropapillary Adenocarcinoma	M0	6TH	T2	19	
TCGA-75-6214	TCGA-75-6214-01	642	0.5190		0.2991	0.2	1:DECEASED	Female			LUAD	Lung Adenocarcinoma (NOS)	M0	6TH	T2	21	
TCGA-75-7025	TCGA-75-7025-01	31	0.2153		0.296	0.15	0:LIVING	Male			LUAD	Lung Adenocarcinoma (NOS)	M0	6TH	T2	19	
TCGA-75-7027	TCGA-75-7027-01	213	0.6570		0.3008	0.3	0:LIVING	Male			LUAD	Lung Adenocarcinoma (NOS)	M0	6TH	T2	23	
TCGA-75-7030	TCGA-75-7030-01	15	0.0000		0.2875	0.07	0:LIVING	Male			LUAD	Lung Adenocarcinoma (NOS)	M0	6TH	T3		
TCGA-75-7031	TCGA-75-7031-01	186	0.3691		0.3033	0.24	0:LIVING	Female			LUAD	Lung Adenocarcinoma (NOS)	M0	6TH	T2	18	
TCGA-78-7143	TCGA-78-7143-01		0.1974	62		0	1:DECEASED	Female		White		Lung Bronchioloalveolar Carcinoma, Non-Mucinous	M0	6TH	T2	26	-22673
TCGA-78-7145	TCGA-78-7145-01	185	0.5585	52	0.296	0	1:DECEASED	Female		White	LUAD	Lung Adenocarcinoma (NOS)	M1	6TH	T4	20	-19080
TCGA-78-7146	TCGA-78-7146-01	347	0.5733	71	0.2965	4.5	1:DECEASED	Female		White	LUAD	Lung Adenocarcinoma, Mixed Subtype	M0	6TH	T2	17	-26272
TCGA-78-7147	TCGA-78-7147-01	305	0.5989	67	0.3081	0.03	1:DECEASED	Female		White	LUAD	Lung Adenocarcinoma (NOS)	M0	6TH	T2	21	-24809
TCGA-78-7148	TCGA-78-7148-01	212	0.2875	71	0.3143	0.02	1:DECEASED	Male		White	LUAD	Lung Adenocarcinoma, Mixed Subtype	M0	6TH	T2	6	-25990
TCGA-78-7149	TCGA-78-7149-01	137	0.2501	71	0.3146	0.03	0:LIVING	Male		White	LUAD	Lung Adenocarcinoma, Mixed Subtype	M0	6TH	T4	21	-26285
TCGA-78-7150	TCGA-78-7150-01	363	0.4589	59	0.312	0.26	1:DECEASED	Male		White	LUAD	Lung Adenocarcinoma (NOS)	M0	6TH	T2	15	-21891
TCGA-78-7152	TCGA-78-7152-01	177	0.1601	65	0.3139	0	1:DECEASED	Male		White	LUAD	Lung Adenocarcinoma, Mixed Subtype	M0	6TH	T2	6	-23782
TCGA-78-7153	TCGA-78-7153-01	115	0.2107	65	0.2986	0	0:LIVING	Female		White	LUAD	Lung Adenocarcinoma, Mixed Subtype	M0	6TH	T2	16	-23922
TCGA-78-7154	TCGA-78-7154-01	210	0.3566	72	0.3163	0.44	1:DECEASED	Male		White	LUAD	Lung Adenocarcinoma (NOS)	M0	6TH	T3	22	-26481
TCGA-78-7155	TCGA-78-7155-01	1403	0.4353	68	0.3151	1.05	1:DECEASED	Male		White	LUAD	Lung Adenocarcinoma (NOS)	M0	6TH	T2	18	-24863
TCGA-78-7156	TCGA-78-7156-01	309	0.1115	62	0.2956	1.28	1:DECEASED	Male		White	LUAD	Lung Adenocarcinoma, Mixed Subtype	M1	6TH	T4	4	-22720
TCGA-78-7158	TCGA-78-7158-01	249	0.1432	59	0.3136	0	1:DECEASED	Female		White	LUAD	Lung Adenocarcinoma, Mixed Subtype	M0	6TH	T4	4	-21742
TCGA-78-7159	TCGA-78-7159-01	304	0.2440	60	0.3248	0	0:LIVING	Female		White	LUAD	Lung Adenocarcinoma, Mixed Subtype	M0	6TH	T1	22	-22261
TCGA-78-7160	TCGA-78-7160-01	49	0.0345	61	0.2959	0	1:DECEASED	Male		White	LUAD	Lung Adenocarcinoma, Mixed Subtype	M1	6TH	T4	16	-22385
TCGA-78-7161	TCGA-78-7161-01	175	0.4864	69	0.2989	0	1:DECEASED	Female		White	LUAD	Lung Adenocarcinoma, Mixed Subtype	M0	7TH	T3	9	-25294
TCGA-78-7162	TCGA-78-7162-01	73	0.0574	75	0.3088	0	1:DECEASED	Male		White	LUAD	Lung Adenocarcinoma, Mixed Subtype	M0	6TH	T1	5	-27593
TCGA-78-7163	TCGA-78-7163-01	49	0.3872	60	0.3124	0.06	0:LIVING	Male		White	LUAD	Lung Adenocarcinoma (NOS)	M0	6TH	T2	27	-22002
TCGA-78-7166	TCGA-78-7166-01	194	0.0935	84	0.3093	0	1:DECEASED	Male		White	LUAD	Lung Adenocarcinoma (NOS)	M0	6TH	T2	3	-30869
TCGA-78-7167	TCGA-78-7167-01	103	0.4895	77	0.2999	0.1	1:DECEASED	Male		White	LUAD	Lung Papillary Adenocarcinoma	M1	6TH	T2	17	-28295
TCGA-78-7220	TCGA-78-7220-01	740	0.5333	53	0.317	0.21	1:DECEASED	Female		White	LUAD	Lung Adenocarcinoma, Mixed Subtype	M0	6TH	T2	28	-19480
TCGA-78-7535	TCGA-78-7535-01	146	0.7843	45	0.3105	0.34	1:DECEASED	Male		White	LUAD	Lung Adenocarcinoma (NOS)	M0	6TH	T2	30	-16571
TCGA-78-7536	TCGA-78-7536-01	595	0.7212	69	0.3287	0.72	1:DECEASED	Male		White	LUAD	Lung Adenocarcinoma (NOS)	M0	6TH	T2	16	-25558
TCGA-78-7537	TCGA-78-7537-01	133	0.1285	72	0.2959	0	1:DECEASED	Male			LUAD	Lung Adenocarcinoma, Mixed Subtype	M0	6TH	T2	2	-26610
TCGA-78-7539	TCGA-78-7539-01	430	0.3206	75	0.3056	0	0:LIVING	Female		White	LUAD	Lung Adenocarcinoma, Mixed Subtype	M0	7TH	T2B	13	-27445
TCGA-78-7540	TCGA-78-7540-01	227	0.1948	66	0.3011	0.06	1:DECEASED	Female		White	LUAD	Lung Bronchioloalveolar Carcinoma, Mucinous	M0	6TH	T2	6	-24440
TCGA-78-7542	TCGA-78-7542-01	326	0.4019	56	0.324	0.06	1:DECEASED	Male		White	LUAD	Lung Adenocarcinoma (NOS)	M0	6TH	T2	28	-20763
TCGA-78-7633	TCGA-78-7633-01	145	0.3107	67	0.3017	0	1:DECEASED	Male		White	LUAD	Lung Adenocarcinoma, Mixed Subtype	M0	6TH	T2	9	-24713
TCGA-78-8640	TCGA-78-8640-01	648	0.1728	59	0.323	0.01	0:LIVING	Male			LUAD	Lung Adenocarcinoma (NOS)	M0	6TH	T1	15	-21832
TCGA-78-8648	TCGA-78-8648-01	15	0.0000	58	0.3313	0.07	1:DECEASED	Female			LUAD	Lung Adenocarcinoma (NOS)	M0	6TH	T3		-21443
TCGA-78-8655	TCGA-78-8655-01	97	0.2619	77	0.3318	0.29	0:LIVING	Female			LUAD	Lung Adenocarcinoma, Mixed Subtype	M0	6TH	T1	10	-28379
TCGA-78-8660	TCGA-78-8660-01	221	0.0071	69	0.3233	0.42	1:DECEASED	Male			LUAD	Lung Adenocarcinoma (NOS)	M0	6TH	T2	8	-25422
TCGA-78-8662	TCGA-78-8662-01	1014	0.7394	53	0.3528	1.32	1:DECEASED	Female			LUAD	Lung Adenocarcinoma (NOS)	M0	6TH	T2	19	-19563
TCGA-80-5607	TCGA-80-5607-01	112	0.0990		0.3103	0.06	0:LIVING	Female			LUAD	Lung Adenocarcinoma (NOS)	M0	6TH	T2	3	
TCGA-80-5608	TCGA-80-5608-01	341	0.4499		0.2893	0.1	0:LIVING	Female			LUAD	Lung Adenocarcinoma (NOS)	M0	6TH	T1	15	
TCGA-80-5611	TCGA-80-5611-01	190	0.5728		0.2913	0.04	0:LIVING	Male			LUAD	Lung Solid Pattern Predominant Adenocarcinoma	M0	6TH	T2	14	
TCGA-83-5908	TCGA-83-5908-01	214	0.0276	59	0.3239	0.21	0:LIVING	Female	Not Hispanic Or Latino	White	LUAD	Lung Adenocarcinoma (NOS)	M0	6TH	T1	15	-21760
TCGA-86-6562	TCGA-86-6562-01	52	0.3789	52	0.2982	0	1:DECEASED	Male	Not Hispanic Or Latino	White	LUAD	Lung Adenocarcinoma (NOS)	M0	7TH	T2A	17	-19301
TCGA-86-6851	TCGA-86-6851-01	836	0.1787	73	0.3143	0	0:LIVING	Female	Not Hispanic Or Latino	White	LUAD	Lung Adenocarcinoma, Mixed Subtype	M0	7TH	T1B	18	-26808
TCGA-86-7701	TCGA-86-7701-01	376	0.1685	66	0.3447	0.02	0:LIVING	Male	Not Hispanic Or Latino	White	LUAD	Lung Adenocarcinoma (NOS)	M1	7TH	T2	19	-24209
TCGA-86-7711	TCGA-86-7711-01	208	0.4361	70	0.3021	0	1:DECEASED	Male	Hispanic Or Latino	White	LUAD	Lung Adenocarcinoma (NOS)	M0	7TH	T2A	16	-25719
TCGA-86-7713	TCGA-86-7713-01	150	0.3677	70	0.3155	0.1	0:LIVING	Male	Not Hispanic Or Latino	White	LUAD	Lung Adenocarcinoma (NOS)	M0	7TH	T2B	14	-25791
TCGA-86-7714	TCGA-86-7714-01	67	0.0639	61	0.3042	0	1:DECEASED	Female	Not Hispanic Or Latino	Black or African American	LUAD	Lung Adenocarcinoma, Mixed Subtype	M0	7TH	T1B	3	-22619
TCGA-86-7953	TCGA-86-7953-01	49	0.3506	69	0.3435	0	0:LIVING	Female	Not Hispanic Or Latino	White	LUAD	Lung Adenocarcinoma (NOS)	M0	7TH	T1B	24	-25315
TCGA-86-7954	TCGA-86-7954-01	186	0.2595	68	0.3267	0	0:LIVING	Female	Not Hispanic Or Latino	White	LUAD	Lung Bronchioloalveolar Carcinoma, Non-Mucinous	M0	7TH	T2	27	-25062
TCGA-86-7955	TCGA-86-7955-01	276	0.6063	62	0.3329	0.21	0:LIVING	Male	Not Hispanic Or Latino	White	LUAD	Lung Adenocarcinoma (NOS)	M0	7TH	T2A	22	-22772
TCGA-86-8054	TCGA-86-8054-01	199	0.6000	61	0.3127	0.23	0:LIVING	Male	Not Hispanic Or Latino	White	LUAD	Lung Acinar Adenocarcinoma	M0	7TH	T2B	19	-22584
TCGA-86-8055	TCGA-86-8055-01	41	0.1831	79	0.3385	0.02	1:DECEASED	Male	Not Hispanic Or Latino	White	LUAD	Lung Adenocarcinoma (NOS)	M0	7TH	T2A	20	-29124
TCGA-86-8056	TCGA-86-8056-01	257	0.1241	63	0.3353	0	0:LIVING	Female	Not Hispanic Or Latino	White	LUAD	Lung Adenocarcinoma, Mixed Subtype	M0	7TH	T4	3	-23369
TCGA-86-8073	TCGA-86-8073-01	1334	0.2307	58	0.3277	0.04	0:LIVING	Male	Not Hispanic Or Latino	White	LUAD	Lung Bronchioloalveolar Carcinoma, Non-Mucinous	M0	7TH	T2A	9	-21214
TCGA-86-8074	TCGA-86-8074-01	63	0.4639	62	0.3273	0.36	0:LIVING	Female	Not Hispanic Or Latino	White	LUAD	Lung Adenocarcinoma (NOS)	M0	7TH	T1B	18	-22862
TCGA-86-8075	TCGA-86-8075-01	50	0.2397	66	0.2979	0.14	1:DECEASED	Female	Not Hispanic Or Latino	White	LUAD	Lung Adenocarcinoma (NOS)	M0	7TH	T2	27	-24402
TCGA-86-8076	TCGA-86-8076-01	64	0.0339	42	0.3188	0	0:LIVING	Male	Not Hispanic Or Latino	White	LUAD	Lung Papillary Adenocarcinoma	M0	7TH	T1	1	-15605
TCGA-86-8278	TCGA-86-8278-01	91	0.2129	63	0.3248	0.09	0:LIVING	Female	Not Hispanic Or Latino	White	LUAD	Lung Adenocarcinoma (NOS)	M0	7TH	T2	8	-23117
TCGA-86-8279	TCGA-86-8279-01	455	0.5986	46	0.341	0.56	0:LIVING	Male	Not Hispanic Or Latino	White	LUAD	Lung Adenocarcinoma (NOS)	M0	7TH	T2A	28	-17032
TCGA-86-8280	TCGA-86-8280-01	43	0.2915	54	0.3218	0.27	0:LIVING	Female	Not Hispanic Or Latino	White	LUAD	Lung Bronchioloalveolar Carcinoma, Non-Mucinous	M0	7TH	T2B	23	-19977
TCGA-86-8281	TCGA-86-8281-01	226	0.1486	75	0.3249	0.32	0:LIVING	Male	Not Hispanic Or Latino	White	LUAD	Lung Adenocarcinoma (NOS)	M0	7TH	T1	3	-27409
TCGA-86-8358	TCGA-86-8358-01	951	0.5293	44	0.3391	0.45	0:LIVING	Male	Not Hispanic Or Latino	White	LUAD	Lung Adenocarcinoma (NOS)	M0	7TH	T2A	21	-16409
TCGA-86-8359	TCGA-86-8359-01	143	0.3875	52	0.3167	0.21	1:DECEASED	Male	Not Hispanic Or Latino	White	LUAD	Lung Adenocarcinoma (NOS)	M0	7TH	T3	16	-19088
TCGA-86-8585	TCGA-86-8585-01	531	0.0820	57	0.3245	0	0:LIVING	Male	Not Hispanic Or Latino	White	LUAD	Lung Solid Pattern Predominant Adenocarcinoma	M0	7TH	T2A	21	-20918
TCGA-86-8668	TCGA-86-8668-01	33	0.1890	61	0.3259	0	0:LIVING	Female	Not Hispanic Or Latino	White	LUAD	Lung Bronchioloalveolar Carcinoma, Mucinous	M0	7TH	T1B	10	-22383
TCGA-86-8669	TCGA-86-8669-01	118	0.2898	64	0.3342	0.12	0:LIVING	Male	Not Hispanic Or Latino	White	LUAD	Lung Adenocarcinoma (NOS)	M0	7TH	T1B	20	-23443
TCGA-86-8671	TCGA-86-8671-01	34	0.0023	72	0.3378	0.22	0:LIVING	Female	Not Hispanic Or Latino	White	LUAD	Lung Papillary Adenocarcinoma	M0	7TH	T2B	0	-26448
TCGA-86-8672	TCGA-86-8672-01	262	0.0475	59	0.3472	0.33	1:DECEASED	Male	Not Hispanic Or Latino	White	LUAD	Lung Adenocarcinoma (NOS)	M0	7TH	T3	21	-21682
TCGA-86-8673	TCGA-86-8673-01	437	0.2147	61	0.3382	0.49	0:LIVING	Male	Not Hispanic Or Latino	White	LUAD	Lung Bronchioloalveolar Carcinoma, Non-Mucinous	M0	7TH	T2	30	-22571
TCGA-86-8674	TCGA-86-8674-01	270	0.1477	50	0.334	0.63	0:LIVING	Male	Not Hispanic Or Latino	White	LUAD	Lung Papillary Adenocarcinoma	M0	7TH	T2A	5	-18479
TCGA-86-A456	TCGA-86-A456-01	327	0.0300	78	0.3277	0	0:LIVING	Female	Not Hispanic Or Latino	Asian	LUAD	Lung Papillary Adenocarcinoma	M0	7TH	T1A	8	-28533
TCGA-86-A4D0	TCGA-86-A4D0-01		0.3059	48	0.3385	0.26	1:DECEASED	Male	Not Hispanic Or Latino	White		Lung Adenocarcinoma (NOS)	M0	7TH	T2B	10	-17607
TCGA-86-A4JF	TCGA-86-A4JF-01	1226	0.1097	56	0.5047	4.4	1:DECEASED	Male	Not Hispanic Or Latino	White	LUAD	Lung Adenocarcinoma (NOS)	M0	7TH	T3	18	-20491
TCGA-86-A4P7	TCGA-86-A4P7-01	66	0.0145	63	0.3312	0	0:LIVING	Female	Not Hispanic Or Latino	White	LUAD	Lung Adenocarcinoma (NOS)	M0	7TH	T2A	6	-23330
TCGA-86-A4P8	TCGA-86-A4P8-01		0.0001	59	0.3062	0.01	0:LIVING	Female	Not Hispanic Or Latino	White	LUAD	Lung Adenocarcinoma (NOS)	MX	7TH	T1B	0	-21738
TCGA-91-6828	TCGA-91-6828-01	276	0.2487	70	0.299	0.02	0:LIVING	Male	Not Hispanic Or Latino	White	LUAD	Lung Adenocarcinoma (NOS)	M0	7TH	T1A	30	-25870
TCGA-91-6829	TCGA-91-6829-01	588	0.4020	78	0.3066	0.09	1:DECEASED	Male	Not Hispanic Or Latino	White	LUAD	Lung Bronchioloalveolar Carcinoma, Non-Mucinous	MX	5TH	T2	17	-28841
TCGA-91-6830	TCGA-91-6830-01	243	0.0451	65	0.3068	0	0:LIVING	Female	Not Hispanic Or Latino	White	LUAD	Lung Adenocarcinoma (NOS)	MX	5TH	T1	11	-23922
TCGA-91-6831	TCGA-91-6831-01	257	0.4590	66	0.3197	0.04	0:LIVING	Male	Not Hispanic Or Latino	White	LUAD	Lung Adenocarcinoma (NOS)	MX	5TH	T2	16	-24436
TCGA-91-6835	TCGA-91-6835-01	78	0.0486	81	0.2993	0	0:LIVING	Female	Not Hispanic Or Latino	White	LUAD	Lung Adenocarcinoma (NOS)	M0	7TH	T1	13	-29887
TCGA-91-6836	TCGA-91-6836-01	457	0.5486	52	0.3153	0.47	0:LIVING	Female	Not Hispanic Or Latino	White	LUAD	Lung Adenocarcinoma (NOS)	MX	7TH	T2	20	-19216
TCGA-91-6840	TCGA-91-6840-01	128	0.6193	59	0.2902	0.37	0:LIVING	Female	Not Hispanic Or Latino	White	LUAD	Lung Adenocarcinoma (NOS)	M0	7TH	T1B	21	-21854
TCGA-91-6847	TCGA-91-6847-01	67	0.5998	62	0.3373	1.12	0:LIVING	Female	Not Hispanic Or Latino	White	LUAD	Lung Adenocarcinoma (NOS)	MX	5TH	T2	25	-22862
TCGA-91-6848	TCGA-91-6848-01	561	0.2565	59	0.2978	0	0:LIVING	Male	Not Hispanic Or Latino	White	LUAD	Lung Adenocarcinoma (NOS)	MX	6TH	T2	15	-21829
TCGA-91-6849	TCGA-91-6849-01	108	0.1555	75	0.3012	0	0:LIVING	Female	Not Hispanic Or Latino	Black or African American	LUAD	Lung Adenocarcinoma (NOS)	MX	6TH	T2	4	-27676
TCGA-91-7771	TCGA-91-7771-01	185	0.2558	62	0.3602	0.11	0:LIVING	Male	Not Hispanic Or Latino	White	LUAD	Lung Adenocarcinoma (NOS)	MX	7TH	T3	20	-22926
TCGA-91-8496	TCGA-91-8496-01	31	0.2102	63	0.3433	0	0:LIVING	Female	Not Hispanic Or Latino	White	LUAD	Lung Bronchioloalveolar Carcinoma, Non-Mucinous	MX	7TH	T2A	4	-23358
TCGA-91-8497	TCGA-91-8497-01	39	0.0872	75	0.3523	0.43	1:DECEASED	Female	Not Hispanic Or Latino	White	LUAD	Lung Adenocarcinoma (NOS)	MX	7TH	T1A	1	-27632
TCGA-91-8499	TCGA-91-8499-01	284	0.6447	76	0.3308	0.55	0:LIVING	Female	Not Hispanic Or Latino	White	LUAD	Lung Adenocarcinoma (NOS)	MX	7TH	T1B	16	-27853
TCGA-91-A4BC	TCGA-91-A4BC-01	401	0.0734	59	0.3357	0.05	0:LIVING	Male	Not Hispanic Or Latino	White	LUAD	Lung Adenocarcinoma (NOS)	MX	7TH	T2B	24	-21565
TCGA-91-A4BD	TCGA-91-A4BD-01	17	0.1370	78	0.3219	0	0:LIVING	Male	Not Hispanic Or Latino	White	LUAD	Lung Adenocarcinoma (NOS)	MX	7TH	T1B	6	-28544
TCGA-93-7347	TCGA-93-7347-01	107	0.0160	76	0.3343	0	0:LIVING	Female	Not Hispanic Or Latino	White	LUAD	Lung Adenocarcinoma, Mixed Subtype	MX	7TH	T1A	6	-27949
TCGA-93-7348	TCGA-93-7348-01	103	0.0547	75	0.3085	0	0:LIVING	Female	Not Hispanic Or Latino	White	LUAD	Lung Adenocarcinoma (NOS)	MX	7TH	T1A	12	-27456
TCGA-93-8067	TCGA-93-8067-01	450	0.3251	77	0.3262	0.14	0:LIVING	Male	Not Hispanic Or Latino	Asian	LUAD	Lung Adenocarcinoma (NOS)	MX	7TH	T2A	19	-28453
TCGA-93-A4JN	TCGA-93-A4JN-01	73	0.2203	71	0.3078	0.01	0:LIVING	Male	Not Hispanic Or Latino	White	LUAD	Lung Acinar Adenocarcinoma	M1A	7TH	T2A	25	-26273
TCGA-93-A4JO	TCGA-93-A4JO-01	53	0.0324	70	0.3048	0	1:DECEASED	Male	Not Hispanic Or Latino	White	LUAD	Lung Adenocarcinoma, Mixed Subtype	MX	7TH	T1A	16	-25898
TCGA-93-A4JP	TCGA-93-A4JP-01	54	0.0381	64	0.2995	0.01	0:LIVING	Male	Not Hispanic Or Latino	Asian	LUAD	Lung Papillary Adenocarcinoma	M1B	7TH	TX	10	-23620
TCGA-93-A4JQ	TCGA-93-A4JQ-01	104	0.0418	49	0.3075	0.04	0:LIVING	Male	Not Hispanic Or Latino	White	LUAD	Lung Acinar Adenocarcinoma	MX	7TH	T1B	21	-17951
TCGA-95-7039	TCGA-95-7039-01	1207	0.4482	54	0.32	0	0:LIVING	Female	Not Hispanic Or Latino	White	LUAD	Lung Adenocarcinoma (NOS)	MX	7TH	T3	19	-19981
TCGA-95-7043	TCGA-95-7043-01	1022	0.5315	63	0.3486	1.02	1:DECEASED	Female	Not Hispanic Or Latino	White	LUAD	Lung Adenocarcinoma, Mixed Subtype	MX	7TH	T1A	15	-23165
TCGA-95-7562	TCGA-95-7562-01	391	0.4101	71	0.3409	0.12	1:DECEASED	Male	Not Hispanic Or Latino	Black or African American	LUAD	Lung Adenocarcinoma (NOS)	M0	7TH	T2A	27	-26000
TCGA-95-7567	TCGA-95-7567-01	846	0.3249	61	0.4503	1.94	0:LIVING	Male	Not Hispanic Or Latino	White	LUAD	Lung Adenocarcinoma, Mixed Subtype	M0	7TH	T2B	15	-22437
TCGA-95-7944	TCGA-95-7944-01	208	0.0624	71	0.3321	0	0:LIVING	Male	Not Hispanic Or Latino	White	LUAD	Lung Adenocarcinoma (NOS)	M0	7TH	T1A	13	-26003
TCGA-95-7947	TCGA-95-7947-01	476	0.4074	67	0.3598	0.04	0:LIVING	Male	Not Hispanic Or Latino	White	LUAD	Lung Adenocarcinoma, Mixed Subtype	M0	7TH	T1A	11	-24752
TCGA-95-7948	TCGA-95-7948-01	141	0.3733	42	0.3546	0.21	0:LIVING	Female	Not Hispanic Or Latino	White	LUAD	Lung Adenocarcinoma, Mixed Subtype	M0	7TH	T2A	17	-15363
TCGA-95-8039	TCGA-95-8039-01	87	0.1139	72	0.3217	0	0:LIVING	Male	Not Hispanic Or Latino	White	LUAD	Lung Acinar Adenocarcinoma	MX	7TH	T1	9	-26317
TCGA-95-8494	TCGA-95-8494-01	90	0.4034	67	0.3051	0.95	0:LIVING	Male	Not Hispanic Or Latino	White	LUAD	Lung Adenocarcinoma (NOS)	M0	7TH	T2A	21	-24773
TCGA-95-A4VK	TCGA-95-A4VK-01	223	0.1907	74	0.3282	0	0:LIVING	Female	Not Hispanic Or Latino	White	LUAD	Lung Adenocarcinoma, Mixed Subtype	M0	7TH	T2B	7	-27040
TCGA-95-A4VN	TCGA-95-A4VN-01	422	0.1669	62	0.3233	0	0:LIVING	Female	Not Hispanic Or Latino	White	LUAD	Lung Solid Pattern Predominant Adenocarcinoma	M0	7TH	T2A	27	-22927
TCGA-95-A4VP	TCGA-95-A4VP-01	114	0.1430	66	0.3285	0	0:LIVING	Female		White	LUAD	Lung Acinar Adenocarcinoma	M0	7TH	T2B	21	-24130
TCGA-97-7546	TCGA-97-7546-01	253	0.0936	76	0.3147	0	0:LIVING	Female	Not Hispanic Or Latino	White	LUAD	Lung Acinar Adenocarcinoma	MX	6TH	T1	6	-27913
TCGA-97-7547	TCGA-97-7547-01	158	0.3480	67	0.3077	0.04	0:LIVING	Female	Not Hispanic Or Latino	White	LUAD	Lung Papillary Adenocarcinoma	MX	6TH	T2	17	-24737
TCGA-97-7552	TCGA-97-7552-01	35	0.0037	70	0.3059	0	0:LIVING	Male	Not Hispanic Or Latino	White	LUAD	Lung Bronchioloalveolar Carcinoma, Mucinous	MX	6TH	T2	3	-25578
TCGA-97-7553	TCGA-97-7553-01	42	0.0369	58	0.2731	0.05	0:LIVING	Female	Not Hispanic Or Latino	White	LUAD	Lung Bronchioloalveolar Carcinoma, Non-Mucinous	MX	6TH	T1	15	-21518
TCGA-97-7554	TCGA-97-7554-01	415	0.3163	83	0.305	0	0:LIVING	Female	Not Hispanic Or Latino	White	LUAD	Lung Papillary Adenocarcinoma	M0	7TH	T2A	27	-30327
TCGA-97-7937	TCGA-97-7937-01	445	0.4496	65	0.3257	0.03	0:LIVING	Male	Not Hispanic Or Latino	White	LUAD	Lung Micropapillary Adenocarcinoma	MX	7TH	T2A	26	-23919
TCGA-97-7938	TCGA-97-7938-01	363	0.2176	76	0.3584	0.02	1:DECEASED	Female	Not Hispanic Or Latino	White	LUAD	Lung Bronchioloalveolar Carcinoma, Non-Mucinous	MX	7TH	T1A	7	-27980
TCGA-97-7941	TCGA-97-7941-01	87	0.0268	72	0.3364	0	0:LIVING	Female	Not Hispanic Or Latino	White	LUAD	Lung Acinar Adenocarcinoma	MX	7TH	T1B	2	-26298
TCGA-97-8171	TCGA-97-8171-01	54	0.2181	81	0.3261	0.61	0:LIVING	Male	Not Hispanic Or Latino	Asian	LUAD	Lung Papillary Adenocarcinoma	M1A	7TH	T2A	6	-29627
TCGA-97-8172	TCGA-97-8172-01	247	0.1214	75	0.3222	0.12	0:LIVING	Female	Not Hispanic Or Latino	White	LUAD	Lung Acinar Adenocarcinoma	M0	7TH	T2A	13	-27416
TCGA-97-8174	TCGA-97-8174-01	158	0.2982	67	0.3258	0.07	1:DECEASED	Male	Not Hispanic Or Latino	White	LUAD	Lung Papillary Adenocarcinoma	M0	7TH	T2B	20	-24725
TCGA-97-8175	TCGA-97-8175-01	28	0.1336	55	0.3039	0.72	0:LIVING	Female	Not Hispanic Or Latino	White	LUAD	Lung Solid Pattern Predominant Adenocarcinoma	M0	7TH	T2A	8	-20206
TCGA-97-8176	TCGA-97-8176-01	137	0.1748	63	0.3459	0	1:DECEASED	Male	Not Hispanic Or Latino	White	LUAD	Lung Acinar Adenocarcinoma	M0	7TH	T3	8	-23170
TCGA-97-8177	TCGA-97-8177-01	32	0.1677	59	0.3372	0.07	0:LIVING	Female	Not Hispanic Or Latino	White	LUAD	Lung Adenocarcinoma, Mixed Subtype	M0	7TH	T2A	19	-21648
TCGA-97-8179	TCGA-97-8179-01	151	0.4389	72	0.333	0.45	0:LIVING	Male	Not Hispanic Or Latino	White	LUAD	Lung Acinar Adenocarcinoma	M0	7TH	T1A	30	-26305
TCGA-97-8547	TCGA-97-8547-01	54	0.3273	78	0.3431	0.23	0:LIVING	Female			LUAD	Lung Adenocarcinoma, Mixed Subtype	MX	7TH	T2A	10	-28801
TCGA-97-8552	TCGA-97-8552-01	22	0.3121	55	0.3635	0	0:LIVING	Female	Not Hispanic Or Latino	White	LUAD	Lung Bronchioloalveolar Carcinoma, Non-Mucinous	MX	7TH	T1A	21	-20331
TCGA-97-A4LX	TCGA-97-A4LX-01	150	0.0346	81	0.3137	0	0:LIVING	Male	Not Hispanic Or Latino	White	LUAD	Lung Adenocarcinoma, Mixed Subtype	M0	7TH	T2A	14	-29915
TCGA-97-A4M0	TCGA-97-A4M0-01	344	0.2992	60	0.33	0	0:LIVING	Female	Not Hispanic Or Latino	White	LUAD	Lung Adenocarcinoma, Mixed Subtype	M0	7TH	T2A	16	-22206
TCGA-97-A4M1	TCGA-97-A4M1-01	39	0.2459	52	0.3065	0	0:LIVING	Female	Not Hispanic Or Latino	White	LUAD	Lung Adenocarcinoma, Mixed Subtype	M0	7TH	T1A	20	-19272
TCGA-97-A4M2	TCGA-97-A4M2-01	26	0.0002	66	0.2987	0	0:LIVING	Male	Not Hispanic Or Latino	White	LUAD	Lung Adenocarcinoma, Mixed Subtype	M0	7TH	T1A	1	-24313
TCGA-97-A4M3	TCGA-97-A4M3-01	193	0.2370	69	0.306	0	0:LIVING	Female	Not Hispanic Or Latino	White	LUAD	Lung Adenocarcinoma, Mixed Subtype	M0	7TH	T1B	5	-25384
TCGA-97-A4M5	TCGA-97-A4M5-01	144	0.0418	83	0.2956	0.01	0:LIVING	Male	Not Hispanic Or Latino	White	LUAD	Lung Adenocarcinoma, Mixed Subtype	M0	7TH	T1B	6	-30665
TCGA-97-A4M6	TCGA-97-A4M6-01	29	0.3427	45	0.3076	0.04	0:LIVING	Female	Not Hispanic Or Latino	White	LUAD	Lung Adenocarcinoma, Mixed Subtype	M0	7TH	T1A	9	-16764
TCGA-97-A4M7	TCGA-97-A4M7-01	278	0.2386	74	0.313	0	0:LIVING	Male	Not Hispanic Or Latino	White	LUAD	Lung Adenocarcinoma, Mixed Subtype	M0	7TH	T1B	9	-27062
TCGA-99-7458	TCGA-99-7458-01	437	0.0061	74	0.2904	0	0:LIVING	Female	Not Hispanic Or Latino	White	LUAD	Lung Bronchioloalveolar Carcinoma, Non-Mucinous	M0	7TH	T4	13	-27359
TCGA-99-8025	TCGA-99-8025-01	436	0.5108	72	0.3262	0.1	0:LIVING	Female	Not Hispanic Or Latino	Black or African American	LUAD	Lung Adenocarcinoma (NOS)	M0	7TH	T3	20	-26634
TCGA-99-8028	TCGA-99-8028-01	394	0.0181	50	0.3429	0	0:LIVING	Female	Not Hispanic Or Latino	Black or African American	LUAD	Lung Adenocarcinoma (NOS)	M0	7TH	T1A	3	-18542
TCGA-99-8032	TCGA-99-8032-01	370	0.1856	61	0.3283	0	0:LIVING	Male	Not Hispanic Or Latino	White	LUAD	Lung Adenocarcinoma (NOS)	M0	7TH	T1A	18	-22635
TCGA-99-8033	TCGA-99-8033-01	168	0.0930	74	0.3357	0.11	1:DECEASED	Female	Not Hispanic Or Latino	White	LUAD	Lung Adenocarcinoma (NOS)	M1	7TH	TX	21	-27342
TCGA-99-AA5R	TCGA-99-AA5R-01	53	0.0007	70	0.3341	0	0:LIVING	Female	Not Hispanic Or Latino	Black or African American	LUAD	Lung Adenocarcinoma (NOS)	M0	7TH	T1A	0	-25778
TCGA-J2-8192	TCGA-J2-8192-01	67	0.0667	65	0.3327	0	0:LIVING	Female	Not Hispanic Or Latino	White	LUAD	Lung Adenocarcinoma (NOS)	MX	7TH	T2A	16	-23892
TCGA-J2-8194	TCGA-J2-8194-01	138	0.2740	69	0.313	0.02	0:LIVING	Female	Not Hispanic Or Latino	White	LUAD	Lung Adenocarcinoma, Mixed Subtype	MX	7TH	T3	15	-25441
TCGA-J2-A4AD	TCGA-J2-A4AD-01	292	0.3196	61	0.3088	0	1:DECEASED	Female	Not Hispanic Or Latino	White	LUAD	Lung Adenocarcinoma (NOS)	MX	7TH	T1A	8	-22414
TCGA-J2-A4AE	TCGA-J2-A4AE-01	41	0.1859	77	0.3188	0	0:LIVING	Female	Not Hispanic Or Latino	White	LUAD	Lung Adenocarcinoma (NOS)	MX	7TH	T1A	7	-28163
TCGA-J2-A4AG	TCGA-J2-A4AG-01	82	0.0236	66	0.32	0	0:LIVING	Female	Not Hispanic Or Latino	White	LUAD	Lung Adenocarcinoma (NOS)	MX	7TH	T1B	4	-24224
TCGA-L4-A4E5	TCGA-L4-A4E5-01	297	0.5246	48	0.3166	0.01	0:LIVING	Female	Not Hispanic Or Latino	White	LUAD	Lung Adenocarcinoma (NOS)	M0	7TH	T1	17	-17680
TCGA-L4-A4E6	TCGA-L4-A4E6-01	10	0.0000	67	0.3258	0	0:LIVING	Male	Not Hispanic Or Latino	White	LUAD	Lung Adenocarcinoma (NOS)	M0	7TH	T1		-24631
TCGA-L9-A443	TCGA-L9-A443-01	233	0.3508	63	0.3265	0	1:DECEASED	Female	Not Hispanic Or Latino	White	LUAD	Lung Adenocarcinoma (NOS)	MX	7TH	T1A	22	-23062
TCGA-L9-A444	TCGA-L9-A444-01	493	0.3499	60	0.3278	0	0:LIVING	Female	Not Hispanic Or Latino	White	LUAD	Lung Adenocarcinoma (NOS)	MX	7TH	T1A	30	-22202
TCGA-L9-A50W	TCGA-L9-A50W-01	31	0.2589	75	0.3098	0	1:DECEASED	Male	Not Hispanic Or Latino	Black or African American	LUAD	Lung Adenocarcinoma, Mixed Subtype	MX	7TH	T1B	10	-27414
TCGA-L9-A5IP	TCGA-L9-A5IP-01	259	0.2286	40	0.3419	0.33	1:DECEASED	Female	Not Hispanic Or Latino	Black or African American	LUAD	Lung Adenocarcinoma (NOS)	M1B	7TH	T3	26	-14681
TCGA-L9-A743	TCGA-L9-A743-01	117	0.0135	56	0.3215	0	0:LIVING	Male	Not Hispanic Or Latino	Black or African American	LUAD	Lung Adenocarcinoma (NOS)	M0	7TH	T2A	16	-20780
TCGA-L9-A7SV	TCGA-L9-A7SV-01	1390	0.6218	69	0.3574	0.22	0:LIVING	Male	Not Hispanic Or Latino	Black or African American	LUAD	Lung Adenocarcinoma (NOS)	M0	7TH	T2A	19	-25298
TCGA-L9-A8F4	TCGA-L9-A8F4-01	691	0.1304	64	0.3245	0	0:LIVING	Female	Not Hispanic Or Latino	Black or African American	LUAD	Lung Adenocarcinoma (NOS)	MX	7TH	T2A	23	-23617
TCGA-MN-A4N1	TCGA-MN-A4N1-01	406	0.4939	60	0.3314	0.09	0:LIVING	Male	Not Hispanic Or Latino	Black or African American	LUAD	Lung Adenocarcinoma (NOS)	M0	7TH	T2A	23	-21939
TCGA-MN-A4N4	TCGA-MN-A4N4-01	1340	0.3552	57	0.3073	0.01	0:LIVING	Male	Not Hispanic Or Latino	White	LUAD	Lung Adenocarcinoma (NOS)	M0	7TH	T1B	19	-20888
TCGA-MN-A4N5	TCGA-MN-A4N5-01	401	0.4335	63	0.3204	0.06	0:LIVING	Male	Not Hispanic Or Latino	White	LUAD	Lung Adenocarcinoma (NOS)	M0	7TH	T1A	19	-23257
TCGA-MP-A4SV	TCGA-MP-A4SV-01	298	0.1932	67	0.3118	0	1:DECEASED	Male			LUAD	Lung Adenocarcinoma (NOS)	M0	5TH	T2	21	-24516
TCGA-MP-A4SW	TCGA-MP-A4SW-01	60	0.2806	53	0.3122	0	1:DECEASED	Male		White	LUAD	Lung Adenocarcinoma (NOS)	M0	5TH	T2	7	-19640
TCGA-MP-A4SY	TCGA-MP-A4SY-01	158	0.0944	61	0.3095	0	1:DECEASED	Male	Not Hispanic Or Latino	White	LUAD	Lung Adenocarcinoma (NOS)	M0	5TH	T2	9	-22448
TCGA-MP-A4T2	TCGA-MP-A4T2-01	73	0.3007	71	0.3179	0.04	1:DECEASED	Male	Not Hispanic Or Latino	White		Lung Adenocarcinoma (NOS)	M0	6TH	T1	19	-26010
TCGA-MP-A4T4	TCGA-MP-A4T4-01	353	0.0677	68	0.3216	0	1:DECEASED	Female		White	LUAD	Lung Adenocarcinoma (NOS)	M0	6TH	T2		-25052
TCGA-MP-A4T6	TCGA-MP-A4T6-01	58	0.7107	76	0.3441	0.01	1:DECEASED	Female	Not Hispanic Or Latino	White	LUAD	Lung Adenocarcinoma (NOS)	MX	6TH	T1		-27993
TCGA-MP-A4T7	TCGA-MP-A4T7-01	125	0.2738	75	0.3288	0	1:DECEASED	Female			LUAD	Lung Adenocarcinoma (NOS)	M1	6TH	T2	19	-27603
TCGA-MP-A4T8	TCGA-MP-A4T8-01	108	0.3599	68	0.3315	0.03	1:DECEASED	Male			LUAD	Lung Adenocarcinoma (NOS)	M0	6TH	T2	13	-25069
TCGA-MP-A4T9	TCGA-MP-A4T9-01	31	0.0198	54	0.307	0	1:DECEASED	Female	Not Hispanic Or Latino	White	LUAD	Lung Adenocarcinoma (NOS)	MX	6TH	T2	10	-19767
TCGA-MP-A4TA	TCGA-MP-A4TA-01	315	0.0176	75	0.3176	0	1:DECEASED	Female	Not Hispanic Or Latino	White	LUAD	Lung Adenocarcinoma (NOS)	M0	6TH	T1	11	-27513
TCGA-MP-A4TC	TCGA-MP-A4TC-01	227	0.1356	77	0.3095	0	1:DECEASED	Male	Not Hispanic Or Latino	White	LUAD	Lung Adenocarcinoma (NOS)	M0	6TH	T1	12	-28471
TCGA-MP-A4TD	TCGA-MP-A4TD-01	70	0.2191	71	0.3054	0.03	1:DECEASED	Male		White	LUAD	Lung Adenocarcinoma (NOS)	M0	6TH	T2		-25983
TCGA-MP-A4TE	TCGA-MP-A4TE-01	124	0.4476	56	0.3258	0.13	1:DECEASED	Male	Not Hispanic Or Latino	White	LUAD	Lung Adenocarcinoma (NOS)	MX	7TH	T2B	18	-20627
TCGA-MP-A4TF	TCGA-MP-A4TF-01	375	0.4141	58	0.3514	0.01	1:DECEASED	Female	Not Hispanic Or Latino	White	LUAD	Lung Adenocarcinoma (NOS)	M0	7TH	T2B	28	-21387
TCGA-MP-A4TH	TCGA-MP-A4TH-01	108	0.1862	70	0.3143	0	0:LIVING	Female	Not Hispanic Or Latino	White	LUAD	Lung Adenocarcinoma (NOS)	M0	7TH	T1A	6	-25759
TCGA-MP-A4TI	TCGA-MP-A4TI-01	205	0.0114	72	0.3151	0	1:DECEASED	Male	Not Hispanic Or Latino	White	LUAD	Lung Adenocarcinoma (NOS)	M0	7TH	T2A	8	-26565
TCGA-MP-A4TJ	TCGA-MP-A4TJ-01	84	0.0474	62	0.3186	0	1:DECEASED	Female			LUAD	Lung Signet Ring Adenocarcinoma	M0	6TH	T1		-22875
TCGA-MP-A4TK	TCGA-MP-A4TK-01	314	0.1971	56	0.31	0	1:DECEASED	Female			LUAD	Lung Adenocarcinoma (NOS)	MX	5TH	T2	18	-20581
TCGA-MP-A5C7	TCGA-MP-A5C7-01	58	0.2166	76	0.3234	0	0:LIVING	Female	Not Hispanic Or Latino	White	LUAD	Lung Adenocarcinoma (NOS)	M0	6TH	T2	6	-28015
TCGA-NJ-A4YF	TCGA-NJ-A4YF-01	546	0.6545	50	0.3395	0.2	0:LIVING	Female	Not Hispanic Or Latino	Black or African American	LUAD	Lung Adenocarcinoma, Mixed Subtype	M0	6TH	T1	18	-18584
TCGA-NJ-A4YG	TCGA-NJ-A4YG-01	132	0.1185	65	0.3188	0	0:LIVING	Male		White	LUAD	Lung Adenocarcinoma (NOS)	M0	6TH	T2	8	-23812
TCGA-NJ-A4YI	TCGA-NJ-A4YI-01	394	0.2579	87	0.3335	0.04	1:DECEASED	Female		White	LUAD	Lung Papillary Adenocarcinoma	M0	6TH	T2	18	-31867
TCGA-NJ-A4YP	TCGA-NJ-A4YP-01	465	0.1272	52	0.3221	0	0:LIVING	Male	Not Hispanic Or Latino	White	LUAD	Lung Papillary Adenocarcinoma	M0	7TH	T2A	8	-19106
TCGA-NJ-A4YQ	TCGA-NJ-A4YQ-01	995	0.1044	69	0.32	0.01	0:LIVING	Female	Not Hispanic Or Latino	White	LUAD	Lung Adenocarcinoma (NOS)	M0	7TH	T1B	15	-25427
TCGA-NJ-A55A	TCGA-NJ-A55A-01	100	0.0004	76	0.3278	0	0:LIVING	Female	Not Hispanic Or Latino	White	LUAD	Lung Adenocarcinoma (NOS)	M0	6TH	T2	1	-28022
TCGA-NJ-A55O	TCGA-NJ-A55O-01	124	0.0194	56	0.321	0	0:LIVING	Female	Not Hispanic Or Latino	White	LUAD	Mucinous (Colloid) Carcinoma	M0	7TH	T1B		-20628
TCGA-NJ-A55R	TCGA-NJ-A55R-01	232	0.0760	67	0.3064	0	0:LIVING	Male	Not Hispanic Or Latino	White	LUAD	Lung Adenocarcinoma (NOS)	MX	7TH	T1B	21	-24738
TCGA-NJ-A7XG	TCGA-NJ-A7XG-01	27	0.4205	49	0.3235	0	0:LIVING	Male	Not Hispanic Or Latino	Black or African American	LUAD	Lung Adenocarcinoma (NOS)	M0	7TH	T4	16	-18127
TCGA-O1-A52J	TCGA-O1-A52J-01	153	0.5443	74	0.322	0.02	1:DECEASED	Female	Not Hispanic Or Latino	White	LUAD	Lung Adenocarcinoma (NOS)	MX	6TH	T1	29	-27223
TCGA-S2-AA1A	TCGA-S2-AA1A-01	102	0.0598	68	0.3278	0	0:LIVING	Female	Not Hispanic Or Latino	Black or African American	LUAD	Lung Bronchioloalveolar Carcinoma, Mucinous	M0	7TH	T1B	16	-24903
TCGA-17-Z053	TCGA-17-Z053-01	266			0.2798	0.17						Lung Adenocarcinoma					
TCGA-17-Z025	TCGA-17-Z025-01	227			0.259	0						Lung Adenocarcinoma					
TCGA-17-Z002	TCGA-17-Z002-01	13			0.2771	0						Lung Adenocarcinoma					
TCGA-17-Z055	TCGA-17-Z055-01	699			0.2893	0						Lung Adenocarcinoma					
TCGA-17-Z021	TCGA-17-Z021-01	148			0.2784	0.01						Lung Adenocarcinoma					
TCGA-17-Z000	TCGA-17-Z000-01	115			0.3029	0.02						Lung Adenocarcinoma					
TCGA-17-Z057	TCGA-17-Z057-01	383			0.295	0.06						Lung Adenocarcinoma					
TCGA-17-Z061	TCGA-17-Z061-01	151			0.2854	0.65						Lung Adenocarcinoma					
TCGA-17-Z016	TCGA-17-Z016-01	270			0.2764	0.06						Lung Adenocarcinoma					
TCGA-17-Z032	TCGA-17-Z032-01	103			0.2772	0.03						Lung Adenocarcinoma					
TCGA-17-Z023	TCGA-17-Z023-01	361			0.2911	0.01						Lung Adenocarcinoma					
TCGA-17-Z015	TCGA-17-Z015-01	468			0.3096	0						Lung Adenocarcinoma					
TCGA-17-Z043	TCGA-17-Z043-01	176			0.2896	0.02						Lung Adenocarcinoma					
TCGA-17-Z028	TCGA-17-Z028-01	445			0.2933	0						Lung Adenocarcinoma					
TCGA-17-Z005	TCGA-17-Z005-01	100			0.2924	0						Lung Adenocarcinoma					
TCGA-17-Z010	TCGA-17-Z010-01	245			0.2971	0						Lung Adenocarcinoma					
TCGA-17-Z047	TCGA-17-Z047-01	28			0.2801	0						Lung Adenocarcinoma					
TCGA-17-Z020	TCGA-17-Z020-01	121			0.2747	0.04						Lung Adenocarcinoma					
TCGA-17-Z052	TCGA-17-Z052-01	144			0.2731	0						Lung Adenocarcinoma					
TCGA-17-Z018	TCGA-17-Z018-01	235			0.3053	0						Lung Adenocarcinoma					
TCGA-17-Z056	TCGA-17-Z056-01	482			0.2753	0.01						Lung Adenocarcinoma					
TCGA-17-Z009	TCGA-17-Z009-01	50			0.2654	0						Lung Adenocarcinoma					
TCGA-17-Z004	TCGA-17-Z004-01	19			0.2794	0						Lung Adenocarcinoma					
TCGA-17-Z058	TCGA-17-Z058-01	91			0.3054	1						Lung Adenocarcinoma					
TCGA-17-Z033	TCGA-17-Z033-01	147			0.2725	0.05						Lung Adenocarcinoma					
TCGA-17-Z036	TCGA-17-Z036-01	70			0.3114	0						Lung Adenocarcinoma					
TCGA-17-Z026	TCGA-17-Z026-01	872			0.288	0.06						Lung Adenocarcinoma					
TCGA-17-Z042	TCGA-17-Z042-01	415			0.2752	0						Lung Adenocarcinoma					
TCGA-17-Z011	TCGA-17-Z011-01	103			0.2688	0.02						Lung Adenocarcinoma					
TCGA-17-Z019	TCGA-17-Z019-01	3			0.2737	0						Lung Adenocarcinoma					
TCGA-17-Z013	TCGA-17-Z013-01	57			0.2772	0.04						Lung Adenocarcinoma					
TCGA-17-Z001	TCGA-17-Z001-01	201			0.2714	0.04						Lung Adenocarcinoma					
TCGA-17-Z022	TCGA-17-Z022-01	1077			0.2615	0.49						Lung Adenocarcinoma					
TCGA-17-Z059	TCGA-17-Z059-01	145			0.2881	0						Lung Adenocarcinoma					
TCGA-17-Z007	TCGA-17-Z007-01	72			0.2722	0.08						Lung Adenocarcinoma					
TCGA-17-Z050	TCGA-17-Z050-01	168			0.279	0.07						Lung Adenocarcinoma					
TCGA-17-Z037	TCGA-17-Z037-01	122			0.2805	0.02						Lung Adenocarcinoma					
TCGA-17-Z027	TCGA-17-Z027-01	82			0.3179	1.7						Lung Adenocarcinoma					
TCGA-17-Z062	TCGA-17-Z062-01	444			0.2768	0						Lung Adenocarcinoma					
TCGA-17-Z030	TCGA-17-Z030-01	525			0.2764	0						Lung Adenocarcinoma					
TCGA-17-Z044	TCGA-17-Z044-01	100			0.3067	0.01						Lung Adenocarcinoma					
TCGA-17-Z048	TCGA-17-Z048-01	34			0.2868	0.08						Lung Adenocarcinoma					
TCGA-17-Z017	TCGA-17-Z017-01	199			0.2736	0.12						Lung Adenocarcinoma					
TCGA-17-Z003	TCGA-17-Z003-01	234			0.2927	0						Lung Adenocarcinoma					
TCGA-17-Z051	TCGA-17-Z051-01	169			0.2864	0.52						Lung Adenocarcinoma					
TCGA-17-Z041	TCGA-17-Z041-01	63			0.2922	0.26						Lung Adenocarcinoma					
TCGA-17-Z054	TCGA-17-Z054-01	13			0.281	0.03						Lung Adenocarcinoma					
TCGA-17-Z045	TCGA-17-Z045-01	605			0.302	0						Lung Adenocarcinoma					
TCGA-17-Z031	TCGA-17-Z031-01	2080			0.3022	0.55						Lung Adenocarcinoma					
TCGA-17-Z049	TCGA-17-Z049-01	495			0.2793	0.19						Lung Adenocarcinoma					
TCGA-17-Z060	TCGA-17-Z060-01	215			0.2807	0.05						Lung Adenocarcinoma					
TCGA-17-Z014	TCGA-17-Z014-01	346			0.3044	0.05						Lung Adenocarcinoma					
